skew_type	skew_bin	ccre_class	n	n_MR	sum_MR	sum_MR_sq	n_phyloP	sum_phyloP	sum_phyloP_sq	n_conserved	n_tf_chip_peak	n_tf_footprint
HepG2_skew	(-Inf,-1.5)	Other cCREs	11556	11556	11235.878	25067.856648	11497	-5007.820999178688	24799.8383544222	188	422	1762
HepG2_skew	(-Inf,-1.5)	PLS	2402	2402	989.763	1481.7314549999999	2398	6917.068006702349	50427.097292126266	1125	853	1548
HepG2_skew	(-Inf,-1.5)	dELS	35837	35835	30718.886	67024.773852	35806	-823.5440064760638	129973.26827850594	2608	3527	15166
HepG2_skew	(-Inf,-1.5)	non-cCRE	60719	60695	69196.262	159064.95171	60400	-32316.409951079768	122939.81600262182	474	2536	1323
HepG2_skew	(-Inf,-1.5)	pELS	5022	5022	3426.006	6783.001956	5021	3449.074000386057	36340.50353366959	840	1252	2475
HepG2_skew	[-0.05,0.05)	Other cCREs	18989768	18975496	4709918.818999999	6387558.992514992	18904389	-436591.5625377595	29816900.65477528	576918	555010	688579
HepG2_skew	[-0.05,0.05)	PLS	805114	800453	168850.818	152984.763948	804429	179293.0919034885	3734150.2189626643	88935	260039	268115
HepG2_skew	[-0.05,0.05)	dELS	43808023	43795997	11246129.465999989	15172829.502446046	43748398	2339213.644780633	99116286.42195265	2206260	2970093	4147457
HepG2_skew	[-0.05,0.05)	non-cCRE	298342156	298179695	69826707.45299962	91479894.6860742	294785594	-29423331.298912425	335256834.6967356	4180676	6322109	1003583
HepG2_skew	[-0.05,0.05)	pELS	6148105	6141876	1428679.6469999999	1655394.428487	6142289	334910.1730318239	14469817.528018493	319200	1286956	787169
HepG2_skew	[-0.2,-0.05)	Other cCREs	4402635	4399000	1996792.003	3768242.369457	4376834	-578883.2551653585	7382679.022120494	111648	156640	236415
HepG2_skew	[-0.2,-0.05)	PLS	431469	430319	114046.782	123101.236	431114	229942.11900707765	2449135.710751441	68057	151323	186022
HepG2_skew	[-0.2,-0.05)	dELS	12593340	12589841	5718563.852	10355834.665274002	12573897	-316939.3876030037	31663236.77491384	636687	1041919	1881577
HepG2_skew	[-0.2,-0.05)	non-cCRE	44212274	44186224	20108115.43099999	38852006.15403698	43677507	-7731343.610536332	59986480.17665458	651121	1322863	368472
HepG2_skew	[-0.2,-0.05)	pELS	1989244	1987274	736103.468	1126155.892348	1986853	188073.7760062287	5754682.1046505375	134547	479353	416952
HepG2_skew	[-0.5,-0.2)	Other cCREs	816552	816006	440674.88800000004	878018.81569	811342	-157750.53380496003	1466481.7590692933	19356	32296	76067
HepG2_skew	[-0.5,-0.2)	PLS	145494	145336	38138.505	40995.736153	145382	175031.83092714587	1264248.6377723897	37558	53674	77034
HepG2_skew	[-0.5,-0.2)	dELS	2549562	2548981	1339908.153	2553660.241157	2545224	-104108.42022367191	7268760.884721668	144080	240324	599522
HepG2_skew	[-0.5,-0.2)	non-cCRE	5198450	5195580	3095622.038	6356530.14576	5143990	-1386773.8141669442	8074681.761407025	72428	198562	85790
HepG2_skew	[-0.5,-0.2)	pELS	432363	431976	173827.49	275999.236208	431749	115213.27901510918	1698127.7403200911	43562	114157	136872
HepG2_skew	[-1.0,-0.5)	Other cCREs	198416	198341	123402.297	254846.306353	197208	-35582.48696146567	418986.66208663315	5812	8107	30790
HepG2_skew	[-1.0,-0.5)	PLS	42560	42538	12339.965	14568.731173	42539	89107.824981277	589013.5641234501	16384	16224	26207
HepG2_skew	[-1.0,-0.5)	dELS	607068	606978	365289.353	724778.3200310001	605985	24884.189884230847	2156107.4523736625	44767	60079	206261
HepG2_skew	[-1.0,-0.5)	non-cCRE	911804	911429	672152.143	1461963.019157	903155	-295266.67158789205	1552838.0391167442	11886	39111	21118
HepG2_skew	[-1.0,-0.5)	pELS	98380	98305	45115.687	75949.156853	98220	51529.66399284254	557783.6095665351	14201	26646	40761
HepG2_skew	[-1.5,-1.0)	Other cCREs	36763	36759	26085.195	56710.232265	36489	-8964.862981725835	69128.18781115487	779	1519	5706
HepG2_skew	[-1.5,-1.0)	PLS	8533	8531	2819.719	3792.206009	8524	24357.590978622433	165390.86661443842	4181	3274	5615
HepG2_skew	[-1.5,-1.0)	dELS	115633	115626	78394.638	164403.703694	115438	7485.477988370454	421534.4915281907	8882	11375	45888
HepG2_skew	[-1.5,-1.0)	non-cCRE	196483	196409	182303.25	418704.821222	194869	-71677.06684605747	320880.3789169809	1945	8970	4083
HepG2_skew	[-1.5,-1.0)	pELS	17814	17805	9429.464	17129.093593999998	17791	11886.3620190227	118719.38497490821	2948	4770	8103
HepG2_skew	[0.05,0.2)	Other cCREs	4263211	4259804	845875.591	853715.143595	4241014	-467398.3634650633	6901308.528366686	107036	141902	188588
HepG2_skew	[0.05,0.2)	PLS	314062	313005	53372.794	35291.992652	313824	86611.98394107062	1641324.653220586	40252	108391	114779
HepG2_skew	[0.05,0.2)	dELS	11414484	11411880	2291858.632	2295891.8727700002	11398594	-619164.1525724578	27137024.708709385	520968	883119	1343508
HepG2_skew	[0.05,0.2)	non-cCRE	47328095	47304594	8853903.960999988	8415987.702578986	46768889	-6985421.927460616	58240695.2197366	607753	1279122	267820
HepG2_skew	[0.05,0.2)	pELS	1735803	1734318	314966.984	263972.602156	1733949	34988.06602674548	4606757.220046044	99242	403070	285857
HepG2_skew	[0.2,0.5)	Other cCREs	690805	690291	162766.611	208748.877027	686221	-103630.97989992937	1091892.6818380884	14811	26635	37722
HepG2_skew	[0.2,0.5)	PLS	81441	81276	13919.354	9714.089278	81388	44472.41396624665	502121.661818374	13470	29184	32832
HepG2_skew	[0.2,0.5)	dELS	2062271	2061767	470682.148	570659.240408	2059027	-135296.13903600973	4974576.593716979	95224	180427	316229
HepG2_skew	[0.2,0.5)	non-cCRE	5595775	5592748	1226259.07	1504784.359082	5538647	-945043.7776055206	7214107.896547076	71416	192693	53074
HepG2_skew	[0.2,0.5)	pELS	343883	343577	67140.843	64527.309479	343438	37511.76204115865	1051916.4767714057	25020	87821	74732
HepG2_skew	[0.5,1.0)	Other cCREs	141322	141205	35347.13	48151.9655	140283	-25763.620978487303	225944.40005283052	2745	5491	8840
HepG2_skew	[0.5,1.0)	PLS	17858	17816	3254.745	2411.496203	17852	11937.740992818732	116467.04225081613	3228	6336	7245
HepG2_skew	[0.5,1.0)	dELS	442302	442207	110288.955	144038.064811	441641	-43591.41194812929	1092499.429206778	20074	39990	76163
HepG2_skew	[0.5,1.0)	non-cCRE	1032679	1032136	225791.39	277192.447998	1023856	-189273.8086703789	1336241.2488612155	12058	39763	11818
HepG2_skew	[0.5,1.0)	pELS	76553	76474	15545.787	15486.504543000001	76437	10561.479004803234	251443.99671492144	6118	20107	18205
HepG2_skew	[1.0,1.5)	Other cCREs	23980	23962	5477.616	7281.892408	23794	-4692.3409932889035	37280.62124282405	423	953	1542
HepG2_skew	[1.0,1.5)	PLS	2692	2688	488.869	347.764275	2689	1894.591003714245	17310.657235781055	485	952	1051
HepG2_skew	[1.0,1.5)	dELS	77287	77274	18397.845	24134.581649	77154	-6414.3539848747905	187456.3188462464	3593	7140	13730
HepG2_skew	[1.0,1.5)	non-cCRE	168921	168840	30572.126	31758.94482	167473	-37063.622949160286	224996.98090202422	1736	7177	2116
HepG2_skew	[1.0,1.5)	pELS	14213	14189	2672.721	2473.408355	14198	1954.3809977447395	44222.40790512267	1111	3834	3534
HepG2_skew	[1.5,Inf)	Other cCREs	6762	6761	1132.686	968.847586	6730	-1333.9319966671756	10382.184587459966	120	242	391
HepG2_skew	[1.5,Inf)	PLS	639	635	106.196	58.20881	639	317.3670016091781	3351.6674273489966	97	223	242
HepG2_skew	[1.5,Inf)	dELS	21611	21606	3929.639	3882.779997	21582	-2220.4879932982144	50272.09318292966	918	1942	3552
HepG2_skew	[1.5,Inf)	non-cCRE	46278	46261	6368.042	3551.5909739999997	45866	-10798.993986487856	61756.16164819518	443	1747	545
HepG2_skew	[1.5,Inf)	pELS	3892	3887	632.638	443.430172	3889	425.8620030671591	11455.262548202392	290	1040	949
K562_skew	(-Inf,-1.5)	Other cCREs	27720	27718	16785.133	33878.863817	27498	-4114.476989477175	55733.82179505223	784	1214	5797
K562_skew	(-Inf,-1.5)	PLS	7488	7487	2309.7110000000002	2775.734031	7483	22621.244988732862	152118.06367408446	3738	2879	5445
K562_skew	(-Inf,-1.5)	dELS	77516	77506	44803.511	88253.834627	77308	15000.002987178745	313168.97242011223	6801	8346	37458
K562_skew	(-Inf,-1.5)	non-cCRE	127232	127157	111632.764	246286.574132	125827	-45240.15387980665	190017.24970478722	920	6382	3197
K562_skew	(-Inf,-1.5)	pELS	12993	12992	5828.845	9874.035713	12979	12152.777010878901	100006.45798873073	2557	3772	7416
K562_skew	[-0.05,0.05)	Other cCREs	19691538	19675986	5066339.591	7083649.112620993	19600413	-556880.2755180191	31301023.940310456	598320	579202	707873
K562_skew	[-0.05,0.05)	PLS	775278	769945	168418.317	163716.793491	774637	161166.33992035172	3503833.0092880386	82382	244903	237906
K562_skew	[-0.05,0.05)	dELS	46604016	46592399	12516122.282999992	17452655.224613056	46539941	2155324.4745509583	106742993.38241641	2355728	3205964	4406695
K562_skew	[-0.05,0.05)	non-cCRE	305015868	304842950	73334727.49099976	98642764.82331797	301308114	-30646600.691104185	347721360.498521	4329689	6547325	1045603
K562_skew	[-0.05,0.05)	pELS	6478899	6472736	1566094.934	1885002.942854	6472897	315874.7740591614	15306157.299600946	335693	1351678	800559
K562_skew	[-0.2,-0.05)	Other cCREs	3794408	3791560	1671951.373	3139049.890951	3772614	-524460.6983037713	6266123.52639993	93182	133428	200357
K562_skew	[-0.2,-0.05)	PLS	380547	379857	100375.168	107643.703858	380193	176400.8299417423	2124506.6829153625	57250	134742	166344
K562_skew	[-0.2,-0.05)	dELS	10360293	10357149	4669737.991	8487382.283433	10344572	-480421.0374391456	25885073.795922637	504624	842515	1546921
K562_skew	[-0.2,-0.05)	non-cCRE	39462481	39443915	16633371.497999985	31445447.22477799	39022000	-7046441.370340482	51693912.50325221	532575	1130698	306589
K562_skew	[-0.2,-0.05)	pELS	1651046	1649307	606714.95	929914.039806	1648952	105820.18400666212	4748026.639043344	107550	399041	351956
K562_skew	[-0.5,-0.2)	Other cCREs	934359	933555	469809.035	903384.778187	928710	-182896.85769349322	1580752.24997662	20084	37143	75379
K562_skew	[-0.5,-0.2)	PLS	169681	169474	43476.009	43825.554170999996	169583	167486.6029719647	1284062.6366893414	38601	62322	89361
K562_skew	[-0.5,-0.2)	dELS	2716152	2715064	1355131.443	2514826.199375	2711671	-190423.89301352415	7239456.212905698	137770	248153	594989
K562_skew	[-0.5,-0.2)	non-cCRE	6815161	6810573	3621842.435	7001261.180355	6749794	-1777047.1530565007	9667859.623764502	78462	250104	94444
K562_skew	[-0.5,-0.2)	pELS	478900	478318	183447.50400000002	279096.478524	478203	98821.7010202317	1738438.1782750762	43653	126280	147931
K562_skew	[-1.0,-0.5)	Other cCREs	265519	265341	146029.312	284526.634776	264004	-49655.614917967345	504565.645848533	6827	11087	35257
K562_skew	[-1.0,-0.5)	PLS	66434	66401	17812.489	18374.019599	66397	114989.46897344843	758199.7492562591	22250	25265	40558
K562_skew	[-1.0,-0.5)	dELS	786391	786114	419737.193	787175.806867	785041	-8342.77008341054	2434244.345295436	49340	77696	242114
K562_skew	[-1.0,-0.5)	non-cCRE	1380720	1379709	902869.909	1805670.986047	1369643	-440393.5741314038	2144717.03171406	15612	60423	29880
K562_skew	[-1.0,-0.5)	pELS	143498	143291	57471.002	88007.12236000001	143283	64243.19600357826	698775.463806054	18568	39874	57751
K562_skew	[-1.5,-1.0)	Other cCREs	62210	62190	34354.607	67823.101567	61822	-5324.757992707776	149381.16731627783	2434	2686	12261
K562_skew	[-1.5,-1.0)	PLS	17763	17759	5024.809	5555.496571	17742	44235.81997553328	288143.01549941406	7856	6985	12163
K562_skew	[-1.5,-1.0)	dELS	184815	184781	98933.595	188308.812667	184452	30584.802953285533	722251.3538257565	15960	19121	75130
K562_skew	[-1.5,-1.0)	non-cCRE	239673	239546	169933.463	359707.921847	237550	-71917.73781182666	379671.6051991246	2969	11340	7047
K562_skew	[-1.5,-1.0)	pELS	32016	31992	12854.472	19891.529862	31962	24452.744002623844	213221.24871489237	5575	9050	15691
K562_skew	[0.05,0.2)	Other cCREs	3774297	3771937	740105.343	736346.6073949999	3755576	-361262.57555983344	5988910.987097038	95858	125154	176304
K562_skew	[0.05,0.2)	PLS	295060	294298	48730.037	29936.119097	294818	83501.75398808917	1547417.6403407855	37972	102639	110059
K562_skew	[0.05,0.2)	dELS	9957325	9955022	1954904.564	1900065.875712	9943692	-258350.72857899542	23532229.703043405	469298	770144	1240070
K562_skew	[0.05,0.2)	non-cCRE	41993362	41976488	7893980.500999992	7620535.799336984	41519348	-5742193.914478938	50382712.80672434	549570	1124016	247622
K562_skew	[0.05,0.2)	pELS	1536617	1535282	272108.023	216613.310731	1534927	84476.26301245096	4133176.1186751956	91969	360384	267442
K562_skew	[0.2,0.5)	Other cCREs	800006	799374	164582.698	182677.100604	795045	-101674.94884848726	1244235.686094349	17969	30076	47626
K562_skew	[0.2,0.5)	PLS	104471	104296	16583.508	9604.97434	104407	54296.33794560494	634757.9649529645	17053	37764	43670
K562_skew	[0.2,0.5)	dELS	2312498	2311771	464811.034	489504.355922	2308840	-80218.48816109326	5552298.33386523	110026	199991	370698
K562_skew	[0.2,0.5)	non-cCRE	6505091	6501311	1325961.677	1506377.022771	6437460	-1043411.1872843417	8178462.913572784	83401	220740	63971
K562_skew	[0.2,0.5)	pELS	396782	396440	69803.876	56986.087414	396291	57402.16302840331	1207425.9148693106	29833	102276	91491
K562_skew	[0.5,1.0)	Other cCREs	185851	185684	38842.777	45499.592295	184551	-30215.955974817625	285015.33254885324	3595	7338	12336
K562_skew	[0.5,1.0)	PLS	28641	28597	4502.571	2637.613923	28621	19989.61500124773	193732.71712214287	5336	10537	12327
K562_skew	[0.5,1.0)	dELS	576858	576675	117661.531	130179.350943	575917	-29348.65594935732	1409411.1501498285	27387	53381	105765
K562_skew	[0.5,1.0)	non-cCRE	1270976	1270070	253564.361	284875.714089	1259669	-231647.09965537747	1644524.346431946	15508	50906	16945
K562_skew	[0.5,1.0)	pELS	105478	105369	18232.417	14751.974009	105333	21562.818986295595	360309.3503935287	9150	28652	27333
K562_skew	[1.0,1.5)	Other cCREs	34527	34506	7603.594	9680.872094	34298	-6559.164991383676	52313.76881952174	593	1435	2515
K562_skew	[1.0,1.5)	PLS	5381	5370	881.8820000000001	571.639032	5377	4082.1300043101655	36666.7316896274	1041	1912	2219
K562_skew	[1.0,1.5)	dELS	113476	113447	24260.434999999998	29013.397759	113292	-6913.078991728254	275518.45277405216	5471	10821	21925
K562_skew	[1.0,1.5)	non-cCRE	214668	214525	38608.692	39649.842886	212901	-43541.4759497327	284953.1032561265	2478	9439	3309
K562_skew	[1.0,1.5)	pELS	21459	21431	3726.042	3120.873492	21434	4102.7839999975395	72211.41555162484	1871	5874	5867
K562_skew	[1.5,Inf)	Other cCREs	11335	11330	2305.2509999999997	2794.744737	11270	-2554.4329939259924	17728.41409853156	190	454	697
K562_skew	[1.5,Inf)	PLS	1520	1515	213.009	106.307843	1520	1113.4789987480035	9503.566041397879	293	525	638
K562_skew	[1.5,Inf)	dELS	38078	38064	8057.987	9772.604171	38020	-3865.2129888556674	91082.73481225426	1656	3803	7288
K562_skew	[1.5,Inf)	non-cCRE	68402	68367	10498.375	8861.733853	67940	-19876.644980281813	104260.69438760327	752	3280	1135
K562_skew	[1.5,Inf)	pELS	7584	7545	1258.67	1055.669386	7573	1594.4730086486086	23518.14813123304	660	2125	2172
SKNSH_skew	(-Inf,-1.5)	Other cCREs	17438	17431	14866.679	32501.089435	17319	-6569.273998489603	34867.76415406952	291	649	2504
SKNSH_skew	(-Inf,-1.5)	PLS	6182	6181	2108.5950000000003	2671.684857	6175	19409.44899485783	137319.5792863247	3207	2456	3989
SKNSH_skew	(-Inf,-1.5)	dELS	53044	53041	42045.835	89042.762151	52964	-1441.7200035710105	187469.42239850058	3688	5195	21465
SKNSH_skew	(-Inf,-1.5)	non-cCRE	78388	78356	77768.396	175436.839522	77620	-36795.511966856204	154960.91288460582	749	2988	1900
SKNSH_skew	(-Inf,-1.5)	pELS	7526	7526	4606.065	8658.309505	7522	6407.543999280896	60172.38939263826	1394	1977	3643
SKNSH_skew	[-0.05,0.05)	Other cCREs	17647528	17635234	4009740.9799999967	5087989.382529997	17574217	-213329.72164829067	27182141.338480905	535339	519702	640778
SKNSH_skew	[-0.05,0.05)	PLS	723426	718791	142947.585	122443.58502500001	722790	186770.84086882303	3312039.216223597	80971	230530	235105
SKNSH_skew	[-0.05,0.05)	dELS	40890266	40879118	9471455.802999994	11914490.935529009	40838301	3005433.1987817152	90925892.67191188	2077104	2792864	3867874
SKNSH_skew	[-0.05,0.05)	non-cCRE	273884378	273753758	59538225.78699942	73169139.36130258	270813641	-24663957.176988162	302122585.7116434	3839602	5827622	917578
SKNSH_skew	[-0.05,0.05)	pELS	5741840	5735965	1221571.708	1322744.032026	5736263	429319.88297736173	13316735.848564511	301232	1203651	734407
SKNSH_skew	[-0.2,-0.05)	Other cCREs	4866354	4861963	2580140.426	5068083.731752	4835062	-680737.8329848853	8493988.329400983	129546	169122	252837
SKNSH_skew	[-0.2,-0.05)	PLS	429616	428537	127460.311	151883.636553	429241	185582.03696268267	2357134.330203519	62736	149218	180216
SKNSH_skew	[-0.2,-0.05)	dELS	13577090	13573527	7316479.5	13805802.877354007	13554609	-772981.7994184522	34924983.988534115	678302	1102412	1960126
SKNSH_skew	[-0.2,-0.05)	non-cCRE	53541340	53504032	27722423.72999999	55450851.77569992	52789122	-9423160.390443616	74187208.31979115	819597	1506152	394688
SKNSH_skew	[-0.2,-0.05)	pELS	2112016	2110033	911757.125	1475733.3646190001	2109525	97893.2821047623	6051818.226945067	135149	502984	424964
SKNSH_skew	[-0.5,-0.2)	Other cCREs	886950	886025	504017.746	992093.682566	880414	-181296.76282331877	1584344.6437636742	20394	34986	77449
SKNSH_skew	[-0.5,-0.2)	PLS	154178	154039	40488.704	42998.532688	154073	155420.31997924455	1219024.615427454	35733	57115	79256
SKNSH_skew	[-0.5,-0.2)	dELS	2676537	2675486	1486100.287	2806141.939057	2670783	-159658.3581583878	7525635.851169992	146136	246464	604766
SKNSH_skew	[-0.5,-0.2)	non-cCRE	6578404	6566660	4330229.148	8756771.892154003	6487333	-2003378.0764236501	10194804.959266283	79541	241083	91853
SKNSH_skew	[-0.5,-0.2)	pELS	453282	452836	191730.057	303378.008657	452674	101208.3120392927	1716289.2910263487	43060	118077	137255
SKNSH_skew	[-1.0,-0.5)	Other cCREs	228365	228220	150813.556	307953.986292	226825	-53634.97493350938	435331.9108939395	5200	9101	27796
SKNSH_skew	[-1.0,-0.5)	PLS	52740	52722	14571.654	16417.455232	52700	93984.5869779447	642031.0212096518	18090	20106	30253
SKNSH_skew	[-1.0,-0.5)	dELS	701840	701697	443091.079	865115.228165	700413	-20363.732088073524	2290659.3849299094	45148	67741	214121
SKNSH_skew	[-1.0,-0.5)	non-cCRE	1222286	1220503	965227.591	2052359.711795	1207474	-442305.6943390965	2052872.5778958562	13744	51829	24614
SKNSH_skew	[-1.0,-0.5)	pELS	115061	114956	54750.084	90563.35383000001	114875	46757.190002118245	584561.0222397493	14697	30962	43252
SKNSH_skew	[-1.5,-1.0)	Other cCREs	47338	47326	33452.624	70780.052786	46928	-12617.245989823246	80903.08424932408	824	1945	6445
SKNSH_skew	[-1.5,-1.0)	PLS	14368	14363	4314.099	5264.051503	14358	35272.107987335294	235013.3393452744	6278	5697	8966
SKNSH_skew	[-1.5,-1.0)	dELS	144976	144955	99602.846	203180.881726	144699	-1684.1789887470673	475810.09998782724	9738	14334	53513
SKNSH_skew	[-1.5,-1.0)	non-cCRE	231877	231750	209694.167	465601.516569	229539	-84996.34983586486	380575.59789972333	2310	10435	5084
SKNSH_skew	[-1.5,-1.0)	pELS	22546	22517	11855.726	20800.551152	22509	14086.015014072651	145243.7878393627	3671	6117	9749
SKNSH_skew	[0.05,0.2)	Other cCREs	4916008	4912197	855537.828	678241.460208	4890493	-538552.0855906137	8101020.489913989	127164	156610	214873
SKNSH_skew	[0.05,0.2)	PLS	340789	339627	54856.489	30234.991509	340557	93275.33295681303	1776686.0660611624	43668	117323	127779
SKNSH_skew	[0.05,0.2)	dELS	12848625	12845957	2223308.695	1728535.9279810004	12830947	-760119.67792059	30981369.84470363	590186	964350	1483321
SKNSH_skew	[0.05,0.2)	non-cCRE	59221030	59192793	9809476.543999985	7061976.270537979	58465408	-9095061.130920842	72851508.39471434	753225	1487219	306376
SKNSH_skew	[0.05,0.2)	pELS	1925303	1923601	312682.627	206494.236811	1923386	17584.137951118602	5161833.28600391	109299	439718	313437
SKNSH_skew	[0.2,0.5)	Other cCREs	757967	757182	160717.263	186939.938031	752368	-101707.33386915819	1198101.7328572082	16958	28791	40781
SKNSH_skew	[0.2,0.5)	PLS	98146	97966	16014.694	9290.467075999999	98081	55077.480981676614	611782.6934566017	16601	35997	41507
SKNSH_skew	[0.2,0.5)	dELS	2178374	2177729	442521.479	478716.152371	2174478	-101165.10396342946	5262775.612010089	102646	187042	330441
SKNSH_skew	[0.2,0.5)	non-cCRE	6763308	6756065	1315407.609	1431204.601783	6684153	-1068605.6812593325	8426674.723340318	84831	226574	59592
SKNSH_skew	[0.2,0.5)	pELS	371639	371326	66770.339	56061.556467	371158	52324.15304861663	1154356.0743708797	28232	94682	80751
SKNSH_skew	[0.5,1.0)	Other cCREs	172165	171984	39763.256	51786.71211	170800	-28879.40094884276	271165.5590048664	3420	6721	10223
SKNSH_skew	[0.5,1.0)	PLS	25812	25775	4416.023	2902.087743	25798	18839.093996377538	184230.66242564493	4980	9457	10808
SKNSH_skew	[0.5,1.0)	dELS	524062	523910	118825.16	146623.672808	523178	-34868.47797545873	1296490.362082764	24854	47309	89333
SKNSH_skew	[0.5,1.0)	non-cCRE	1296258	1294511	271943.64	330770.003258	1282179	-230563.44457727345	1649695.998983668	15342	49616	14416
SKNSH_skew	[0.5,1.0)	pELS	91916	91825	17298.227	15736.109927	91806	19325.112008672317	322264.2532399529	8075	24217	21823
SKNSH_skew	[1.0,1.5)	Other cCREs	31328	31292	7554.66	10474.303164	31100	-6122.085999486618	48398.74332561733	544	1211	2035
SKNSH_skew	[1.0,1.5)	PLS	5377	5370	876.3679999999999	487.383434	5375	4716.702001552678	43480.50017969252	1140	1971	2176
SKNSH_skew	[1.0,1.5)	dELS	99580	99559	23616.795000000002	30941.526719	99401	-7059.930983916274	246874.43841303457	4752	9168	18099
SKNSH_skew	[1.0,1.5)	non-cCRE	209357	209212	45018.399	55928.860521	207447	-44414.11794058093	282986.3270714508	2352	8558	2745
SKNSH_skew	[1.0,1.5)	pELS	18146	18127	3441.434	3211.722374	18124	4534.000994647503	68017.09510627923	1731	4993	4724
SKNSH_skew	[1.5,Inf)	Other cCREs	10329	10327	2103.696	2466.96017	10275	-2153.040997465724	15520.944260593938	156	379	681
SKNSH_skew	[1.5,Inf)	PLS	1630	1628	272.988	154.080336	1630	1535.6710024651843	14199.753650491491	368	603	635
SKNSH_skew	[1.5,Inf)	dELS	33024	33013	7114.088	8545.842228	32973	-3064.803995774359	79766.76128905674	1507	3056	5994
SKNSH_skew	[1.5,Inf)	non-cCRE	67008	66971	11576.155	11397.990271	66330	-15073.42797759792	88578.85303786071	643	2577	896
SKNSH_skew	[1.5,Inf)	pELS	5997	5991	1077.343	932.818783	5992	1064.2479989884885	19974.96032123208	539	1628	1604
mean_skew	(-Inf,-1.5)	Other cCREs	13800	13799	12349.991	27056.601001	13708	-5564.988994104321	27139.501238684254	181	569	2101
mean_skew	(-Inf,-1.5)	PLS	4082	4082	1472.867	1990.296065	4079	13255.30400350865	93013.81926846816	2143	1552	2810
mean_skew	(-Inf,-1.5)	dELS	38651	38649	32402.074	69593.091282	38573	-2023.4070012718444	136764.84714195837	2617	3901	16974
mean_skew	(-Inf,-1.5)	non-cCRE	73105	73072	78766.375	178300.267705	72451	-34751.47294242855	131579.95150642018	473	3249	1609
mean_skew	(-Inf,-1.5)	pELS	5941	5941	3732.898	7149.402922	5938	5155.873997278048	47855.4968745778	1125	1594	3202
mean_skew	[-0.05,0.05)	Other cCREs	19253756	19239780	4667995.067999997	6235899.643675992	19169835	-354505.73551226984	30171411.943622947	588080	563508	691032
mean_skew	[-0.05,0.05)	PLS	781434	776399	161500.537	146345.360561	780785	175674.34789312677	3565243.960793976	85050	248942	249971
mean_skew	[-0.05,0.05)	dELS	44819964	44808536	11215260.910999987	14898848.858437045	44761226	2711511.2516023624	101146987.13927723	2272309	3052904	4197465
mean_skew	[-0.05,0.05)	non-cCRE	300276644	300125299	69129009.32099964	89533144.2239522	296738718	-28551962.123907413	336980404.80875725	4248978	6385630	1006962
mean_skew	[-0.05,0.05)	pELS	6263870	6257649	1423632.5250000001	1628391.138129	6257937	379565.7980156528	14647973.521846903	325676	1308218	785102
mean_skew	[-0.2,-0.05)	Other cCREs	4255063	4251281	2098108.723	4056990.916029	4228409	-635800.1861391333	7216805.810878036	105496	151532	230612
mean_skew	[-0.2,-0.05)	PLS	416240	415314	115861.465	130657.99424700001	415866	199504.20497920184	2330956.257092432	63299	146053	179539
mean_skew	[-0.2,-0.05)	dELS	12036621	12032884	5990088.542	11137597.217528004	12016417	-602183.289455111	30699900.05560243	600117	994181	1824098
mean_skew	[-0.2,-0.05)	non-cCRE	43081688	43048644	21153993.456999995	41709995.77638897	42528544	-8231279.698026931	59172960.31490241	612380	1279466	357094
mean_skew	[-0.2,-0.05)	pELS	1900109	1898261	762262.329	1204663.754689	1897808	125413.6210439668	5539558.101923968	125848	458154	402012
mean_skew	[-0.5,-0.2)	Other cCREs	805541	804859	460422.323	916458.223371	800188	-175676.79075352487	1435819.4441845398	17738	32766	75206
mean_skew	[-0.5,-0.2)	PLS	154255	154097	40628.936	42898.657418	154158	169009.89595559266	1253718.5213320043	37558	57187	81874
mean_skew	[-0.5,-0.2)	dELS	2449358	2448537	1366019.904	2609049.365108	2444992	-175907.00913036492	6925578.240593849	132386	231387	591056
mean_skew	[-0.5,-0.2)	non-cCRE	5383911	5379211	3520804.888	7159648.814744	5330181	-1671147.209556833	8426497.557637658	64992	208949	87573
mean_skew	[-0.5,-0.2)	pELS	427926	427421	179838.229	285013.803037	427303	102303.23599986745	1661649.771738611	42214	114081	139039
mean_skew	[-1.0,-0.5)	Other cCREs	201190	201098	128908.802	263296.8298	199944	-39538.4009736717	424587.0289559355	5729	8358	31716
mean_skew	[-1.0,-0.5)	PLS	53007	52994	14880.256	16471.118376	52977	102774.3559716857	677338.2470084938	19402	20257	32731
mean_skew	[-1.0,-0.5)	dELS	615734	615611	380846.462	745203.94851	614635	5062.622893198966	2146066.768785348	43293	61958	215794
mean_skew	[-1.0,-0.5)	non-cCRE	915473	914992	702962.434	1510588.37472	907472	-318128.3105041496	1562767.0047608542	11188	41104	23240
mean_skew	[-1.0,-0.5)	pELS	106887	106801	48339.676999999996	78691.864137	106711	56482.23901360098	594276.9656291849	15441	29816	46167
mean_skew	[-1.5,-1.0)	Other cCREs	41531	41519	28017.886	58924.936298	41156	-8177.02798378037	81782.47384873174	1056	1790	7099
mean_skew	[-1.5,-1.0)	PLS	12488	12484	3734.4	4474.651794	12471	34667.54797589255	229699.88482884178	5986	5002	8467
mean_skew	[-1.5,-1.0)	dELS	123550	123532	81675.89	166782.881494	123277	10906.66699808242	464089.6376422137	9652	12780	52160
mean_skew	[-1.5,-1.0)	non-cCRE	194394	194316	168252.253	377884.552397	192343	-67118.15683932623	308199.29107094585	1844	9057	4682
mean_skew	[-1.5,-1.0)	pELS	20503	20485	10170.348	17591.603004	20470	15736.004017203475	145111.3701435394	3673	5733	10109
mean_skew	[0.05,0.2)	Other cCREs	4175553	4172266	779122.926	707585.695018	4153187	-472633.8465766834	6779121.265738587	104552	138047	189512
mean_skew	[0.05,0.2)	PLS	313963	313022	51076.426999999996	30089.251579	313720	86324.60595887485	1640181.6259570287	40148	109027	116234
mean_skew	[0.05,0.2)	dELS	11150681	11148116	2075569.804	1840973.8854980003	11134829	-625822.7076987294	26637324.95422929	509217	860464	1341812
mean_skew	[0.05,0.2)	non-cCRE	46523755	46499324	8207783.258999991	6971771.180948983	45962942	-7068293.57159667	57314339.16248618	591546	1247765	268865
mean_skew	[0.05,0.2)	pELS	1700743	1699282	289315.886	213072.229398	1698953	41004.2370044001	4556654.496905348	98582	395931	286391
mean_skew	[0.2,0.5)	Other cCREs	667583	666974	144814.014	171977.746984	662930	-99780.71989298672	1044299.4915694668	14037	25934	38311
mean_skew	[0.2,0.5)	PLS	90126	89984	14702.7	9000.873186	90065	49253.06397302752	556200.0747032574	15079	32706	37790
mean_skew	[0.2,0.5)	dELS	1965695	1965104	410725.89	456709.371276	1962468	-120462.2980002238	4755142.694265989	91144	173052	313389
mean_skew	[0.2,0.5)	non-cCRE	5469817	5465663	1097316.176	1242129.829532	5413034	-927647.2686759565	6956406.747256499	67586	191483	54242
mean_skew	[0.2,0.5)	pELS	341338	341026	62004.751000000004	53277.346503	340898	46903.91304374405	1072494.9119457202	26040	88786	78155
mean_skew	[0.5,1.0)	Other cCREs	138054	137923	32564.364	43028.278932	136967	-26907.176962325335	219236.93329397074	2535	5535	8905
mean_skew	[0.5,1.0)	PLS	22121	22082	3744.936	2420.061784	22112	15838.655993747749	153735.72575786046	4216	8118	9445
mean_skew	[0.5,1.0)	dELS	430682	430562	100076.533	125478.20203100001	430015	-45979.979941939724	1053573.761858926	19199	40128	78481
mean_skew	[0.5,1.0)	non-cCRE	980225	979565	205153.035	246698.509443	971731	-188892.2386758631	1270950.0235053701	11061	39341	12659
mean_skew	[0.5,1.0)	pELS	79046	78971	14929.523000000001	13674.780841	78929	14842.88599718642	274456.0389814463	6890	21373	20243
mean_skew	[1.0,1.5)	Other cCREs	23107	23092	5278.003	7047.858627	22927	-5384.609001244767	35178.06356517144	336	923	1566
mean_skew	[1.0,1.5)	PLS	3727	3724	594.125	325.030951	3724	3048.672004914376	27979.369480083056	753	1352	1497
mean_skew	[1.0,1.5)	dELS	75500	75485	17670.426	23087.171904	75365	-8887.001986477291	183639.34996868134	3317	7135	14191
mean_skew	[1.0,1.5)	non-cCRE	152273	152195	27095.078	27905.057914	150883	-36441.56995941722	206713.93752476756	1517	6824	2222
mean_skew	[1.0,1.5)	pELS	14644	14615	2638.653	2330.116897	14627	2320.8770037000063	48006.28471395328	1222	4119	4030
mean_skew	[1.5,Inf)	Other cCREs	6592	6590	1126.614	1044.569308	6550	-1630.276994159213	10402.583409095732	96	255	342
mean_skew	[1.5,Inf)	PLS	821	817	130.861	74.659995	821	532.96800020081	4874.291246969352	138	277	332
mean_skew	[1.5,Inf)	dELS	20982	20976	3825.131	3813.753021	20949	-3189.432994213538	48660.988064908284	810	2045	3633
mean_skew	[1.5,Inf)	non-cCRE	42349	42330	5854.89	3372.235668	41947	-12649.381987916076	61633.57712050998	371	1785	594
mean_skew	[1.5,Inf)	pELS	4265	4251	675.9159999999999	458.024594	4260	775.1930023320024	13229.274346676284	368	1201	1159
