vep_consequence	af_class	n	n_MR	sum_MR	sum_MR_sq	n_phyloP	sum_phyloP	sum_phyloP_sq	n_conserved
3 prime UTR variant	COMMON	164557	164468	67318.367	111764.492745	164390	-25955.8319694649	451474.3857424977	8241
3 prime UTR variant	LOW_FREQ	204502	204425	101733.008	184463.409706	204265	11526.75995640329	644237.7789390149	14870
3 prime UTR variant	RARE	539682	539566	298612.088	556122.002382	539242	49315.583887607565	1857896.0236805198	43404
3 prime UTR variant	SINGLETON	4475882	4475522	703359.726	572622.013262	4472479	2039114.581357314	16185063.32827734	482843
3 prime UTR variant	ULTRARARE	3179732	3179429	1303063.503	2163882.278957	3177116	784439.5551949249	11490611.963293852	299345
5 prime UTR variant	COMMON	64015	64002	20331.740999999998	28304.601617	63964	-4820.016035695563	217968.62954696242	4453
5 prime UTR variant	LOW_FREQ	82430	82420	30115.622	45268.42849	82324	14253.463998969408	339092.3911030549	8159
5 prime UTR variant	RARE	221676	221654	88492.758	138766.522488	221437	60304.62400984778	1011369.8218710077	25633
5 prime UTR variant	SINGLETON	1971995	1971885	314621.734	201076.443122	1970648	1143157.5087847845	9432539.354785074	281345
5 prime UTR variant	ULTRARARE	1381852	1381761	429380.131	570301.383955	1380722	594408.1139568712	6659562.725992999	183379
TF binding site variant	COMMON	26776	26605	11169.447	18600.268987	25839	-7997.464000482927	63246.56915441676	878
TF binding site variant	LOW_FREQ	30319	30048	15519.475	28589.090445	28834	-4861.903009313275	76191.51585444984	1239
TF binding site variant	RARE	76092	75379	42991.944	81703.360952	72118	-10946.98400056024	207392.8251786742	3419
TF binding site variant	SINGLETON	599813	598180	97482.946	75712.924416	585194	76668.15497005942	1460582.8404809965	35339
TF binding site variant	ULTRARARE	433402	431367	175481.187	287070.863027	418692	-14984.171035489984	1134340.4617090474	22423
coding sequence variant	COMMON	9	9	1.4060000000000001	0.458268	9	0.5739999674260549	5.670235784859898	0
coding sequence variant	LOW_FREQ	3	3	0.307	0.032707	3	-1.874000072479248	10.48803007385254	0
coding sequence variant	RARE	21	17	5.852	8.433594	21	8.464000165462487	121.34863831989534	4
coding sequence variant	SINGLETON	76	76	16.659	18.185327	76	46.29199968837199	483.3280325383393	15
coding sequence variant	ULTRARARE	70	62	16.64	20.176192	70	20.6789992903359	384.6786490022293	9
downstream gene variant	COMMON	458792	458458	190197.853	332585.714813	456964	-189559.6018862322	827907.3064884197	5632
downstream gene variant	LOW_FREQ	501972	501623	255760.792	498399.835782	499811	-132837.37588748577	808562.2871941715	7601
downstream gene variant	RARE	1254253	1253330	722574.055	1455783.905069	1248611	-342455.0826869745	2087038.2129759646	19403
downstream gene variant	SINGLETON	9843640	9840397	1474889.373	1099701.828229	9813978	-359464.57321867516	12291922.618228836	195154
downstream gene variant	ULTRARARE	6993368	6990307	2743284.7569999998	4722765.456698999	6968715	-1200506.3775132028	10351899.881847277	121902
incomplete terminal codon variant	COMMON	5	5	2.552	4.925006	5	-9.094000071287152	48.157118708402614	0
incomplete terminal codon variant	LOW_FREQ	13	11	3.7140000000000004	5.614394	13	4.886999726295469	107.5065316724105	2
incomplete terminal codon variant	RARE	45	28	16.089	31.927801000000002	45	44.45899910852317	359.62375976732267	12
incomplete terminal codon variant	SINGLETON	153	153	27.764	24.666792	153	79.13300056476152	1209.961541360904	30
incomplete terminal codon variant	ULTRARARE	123	112	45.808	77.878522	123	78.33900001365687	1104.2484024747316	23
intergenic variant	COMMON	2978645	2974347	1168984.858	2075304.584154	2897585	-1137331.070047083	4401774.445292733	26663
intergenic variant	LOW_FREQ	3270357	3262953	1528439.743	3010935.415105	3146107	-782541.0651376733	4223962.801457047	36677
intergenic variant	RARE	8071181	8053082	4258578.783	8707526.679249002	7743059	-1928907.8696408824	10564112.518874165	93247
intergenic variant	SINGLETON	65721323	65678733	9122329.704999981	5433953.2793889865	63887413	-3410757.8120837808	65474779.13570838	971898
intergenic variant	ULTRARARE	45392245	45341791	15113039.271999987	24645283.623578016	43819346	-6891523.423101053	52465034.42810329	589343
intron variant	COMMON	7170578	7165679	2877144.493	4944194.318109	7148238	-2619067.506496257	12746727.377555132	102990
intron variant	LOW_FREQ	8194554	8189094	3939750.04	7432847.004081998	8164378	-1898102.3494335709	13594196.927262299	148937
intron variant	RARE	20691095	20677490	11165400.338999994	21786559.361147005	20613726	-4848960.264009579	35383911.367450975	394009
intron variant	SINGLETON	169196293	169152913	24736040.437999975	17644096.097830255	168801154	-777525.2579387077	230004137.02517623	4184164
intron variant	ULTRARARE	118524874	118484346	44221218.76499989	73407976.13461289	118193440	-16646476.899272334	186651559.12407643	2558001
mature miRNA variant	COMMON	176	176	98.113	181.016611	168	-67.57399910967798	530.4381060132445	6
mature miRNA variant	LOW_FREQ	217	216	121.449	230.591219	212	8.395998881664108	1353.3243209226234	19
mature miRNA variant	RARE	619	608	395.865	782.699241	610	101.70199860446168	4032.3546511959826	68
mature miRNA variant	SINGLETON	5377	5357	1075.204	1124.029446	5368	6250.275985302984	55464.92306899677	1177
mature miRNA variant	ULTRARARE	3980	3954	1851.992	3209.95694	3968	3592.005989445374	37708.42046106796	784
missense variant	COMMON	47941	47853	24311.408	43337.046228	47857	61098.05789045489	561635.9260561375	14648
missense variant	LOW_FREQ	77844	77792	51834.126	100546.610294	77726	177660.3666171896	1358591.9097186374	33636
missense variant	RARE	252826	252322	196892.283	393596.234093	252465	730237.2344065368	5439964.434199495	127549
missense variant	SINGLETON	2431362	2430585	618733.317	823362.763507	2429218	9254769.02217685	65568789.94897621	1482319
missense variant	ULTRARARE	1749020	1747233	1134690.77	2140266.062382	1747260	6201461.510356179	45364975.712313324	1013888
non coding transcript exon variant	COMMON	345203	344993	144109.459	245659.754437	344239	-83212.80298661439	1046667.6534376073	15277
non coding transcript exon variant	LOW_FREQ	392338	392056	200902.853	376534.885005	391171	-38215.84996296407	1179542.3084518001	19687
non coding transcript exon variant	RARE	999376	998782	571235.069	1103504.998157	996469	-106575.13094312577	3124713.1527866484	51691
non coding transcript exon variant	SINGLETON	8055327	8054105	1292347.33	1057118.030732	8041689	1138497.7267051018	21355528.584754027	471896
non coding transcript exon variant	ULTRARARE	5753361	5752041	2365034.989	3995217.737783	5740950	-56246.4572745329	16916694.81450195	314522
non coding transcript variant	SINGLETON	10	10	1.268	0.209104	10	-0.949000015854836	16.813431230479694	1
non coding transcript variant	ULTRARARE	4	4	0.34199999999999997	0.04746	4	-1.7160001397132902	7.85957051651955	0
regulatory region variant	COMMON	357456	357178	139971.496	240225.50309399999	356151	-113771.45096257061	696057.6244417585	7789
regulatory region variant	LOW_FREQ	390382	389956	185063.532	353043.732548	388386	-68980.81894642035	738352.7889591999	11026
regulatory region variant	RARE	969180	968112	518203.337	1023312.865297	963614	-168873.05696277265	1924213.078448567	29174
regulatory region variant	SINGLETON	8074471	8070925	1193801.038	869674.491808	8048348	379775.216346547	13708043.321428072	304371
regulatory region variant	ULTRARARE	5592803	5589327	2096343.365	3542706.491427	5568507	-481232.8077342456	10511255.85956891	186825
splice acceptor variant	COMMON	962	962	139.245	107.436721	959	441.6469994396902	4905.823845235209	120
splice acceptor variant	LOW_FREQ	1276	1276	160.959	121.801173	1274	1460.5519986501902	12248.21284481706	271
splice acceptor variant	RARE	3318	3317	399.342	270.281552	3309	5621.051993849105	44248.61272188615	926
splice acceptor variant	SINGLETON	47288	47274	4244.515	704.884949	47235	150988.7066436479	1124543.943724125	22182
splice acceptor variant	ULTRARARE	24409	24404	2515.656	951.792986	24366	60981.422887289555	455031.16060107946	9322
splice donor variant	COMMON	1493	1492	445.53	667.358594	1488	465.46299978508637	9842.043037266962	184
splice donor variant	LOW_FREQ	1737	1736	550.098	885.141452	1736	1941.0959993582221	18576.490601978017	372
splice donor variant	RARE	4764	4763	1675.97	2896.767822	4754	8204.301973263266	72636.45714993277	1383
splice donor variant	SINGLETON	61096	61085	9503.582	6836.08161	61015	196783.7514480597	1571479.58458661	28148
splice donor variant	ULTRARARE	34814	34806	10088.93	14970.946046000001	34758	90027.02175468861	744954.6679307326	13549
splice region variant	COMMON	16648	16640	6339.466	10433.911644	16618	-1293.3579940415218	77405.58024559915	1433
splice region variant	LOW_FREQ	20240	20230	9265.996	16726.998892	20209	3185.2280004876666	108410.34307281548	2258
splice region variant	RARE	53075	53051	27629.256	51842.217943999996	52984	11662.766980660499	301990.2563548017	6620
splice region variant	SINGLETON	477900	477837	75583.362	59509.481556	477311	390140.4656072732	3071445.8454792476	85524
splice region variant	ULTRARARE	327332	327270	124975.078	204851.710486	326885	159747.80580480592	2057432.7876271107	49577
start lost	COMMON	246	246	48.866	25.682742	246	106.19400149560548	2346.427777372934	46
start lost	LOW_FREQ	354	354	67.623	24.305289	354	573.7840025390033	4544.636017849461	119
start lost	RARE	1075	1075	232.178	99.515424	1073	2266.2439977584863	16491.63270563455	463
start lost	SINGLETON	14481	14480	2266.797	636.448185	14465	49476.4119713189	336361.05335263285	8686
start lost	ULTRARARE	8827	8827	1734.0910000000001	672.940109	8816	25903.855989199717	179323.35130870427	4848
stop gained	COMMON	771	771	426.149	758.851999	770	375.6429983775597	8063.343020764159	149
stop gained	LOW_FREQ	1512	1511	1025.956	1947.35869	1509	2334.215995641776	20682.610678859124	473
stop gained	RARE	5540	5509	4342.724	8555.730808	5523	11089.622978221621	89428.51601361038	2163
stop gained	SINGLETON	86788	86731	30201.601	48562.339915	86660	335993.35488034517	2503881.998146456	52659
stop gained	ULTRARARE	50653	50569	38340.825	73513.314115	50567	150727.0696899651	1105264.4904799687	26406
stop lost	COMMON	192	192	17.002	4.451676	192	-11.887998844496988	1100.536011018848	24
stop lost	LOW_FREQ	197	197	19.437	8.220477	197	168.76199989439917	1425.6463797375488	48
stop lost	RARE	583	582	47.537	11.620155	582	725.029001296498	5619.317898262327	171
stop lost	SINGLETON	7619	7617	549.757	82.011681	7615	14253.269009623566	95299.62375343323	2851
stop lost	ULTRARARE	3964	3959	333.188	69.769746	3961	5865.288001021253	43081.8873000221	1277
stop retained variant	COMMON	69	69	7.6049999999999995	1.010369	69	80.83799983363134	574.4135678186416	18
stop retained variant	LOW_FREQ	75	75	7.609	0.883995	75	92.62300012470226	490.68579813635483	17
stop retained variant	RARE	214	214	22.357	2.718445	214	278.6509978192625	1566.0076258128188	55
stop retained variant	SINGLETON	2279	2278	240.748	29.62539	2278	4221.54299101245	23844.165044791967	770
stop retained variant	ULTRARARE	1407	1407	152.248	19.449676	1406	2541.4499992991337	14190.559215360932	465
synonymous variant	COMMON	42090	42038	26182.341	47804.815117	42049	-55315.35800340366	752148.5522800063	5366
synonymous variant	LOW_FREQ	54166	54143	42599.65	84122.698764	54109	-61812.02599749922	958731.7017382343	7915
synonymous variant	RARE	146657	146513	126967.78	253546.26557	146510	-184745.42705853248	2775424.2504249844	21345
synonymous variant	SINGLETON	1017864	1017626	259170.084	312257.82641599997	1017150	288127.63343880273	11435179.475607842	227816
synonymous variant	ULTRARARE	842589	841942	575065.666	1073314.206968	841967	-641226.7832471913	13708492.713340623	143336
upstream gene variant	COMMON	560534	559934	218912.704	366241.76624	558391	-232740.2178597183	1061867.6754706928	7150
upstream gene variant	LOW_FREQ	612254	611502	292502.55	544917.567978	609470	-155865.7078448332	1079084.7563826696	10915
upstream gene variant	RARE	1535792	1531805	817899.037	1568884.035877	1528926	-385104.3296186589	2807081.4690007716	29590
upstream gene variant	SINGLETON	12174444	12166921	1857210.144	1382998.892618	12138573	-177707.60268168792	17325160.717900768	303751
upstream gene variant	ULTRARARE	8662679	8649632	3256178.936	5350508.632971999	8631995	-1282945.9811717693	14359355.069346447	192006
