vep_consequence	af_class	mut_class	n	n_MR	sum_MR	sum_MR_sq	n_phyloP	sum_phyloP	sum_phyloP_sq	n_conserved
3 prime UTR variant	COMMON	CpG	26902	26902	50484.331	106957.853187	26878	-21751.46498959711	94906.35125588549	572
3 prime UTR variant	COMMON	non-CpG-ti	86367	86367	12994.623	2984.051065	86281	-5542.699986753399	230189.57761364494	4751
3 prime UTR variant	COMMON	non-CpG-tv	51199	51199	3839.413	1822.588493	51142	1395.2130069840932	126135.35681516229	2918
3 prime UTR variant	COMMON	unknown	89	0	0	0	89	-56.880000098492005	243.10005780483425	0
3 prime UTR variant	LOW_FREQ	CpG	39056	39056	80858.51	178693.447424	39017	-28203.948001801276	143203.79280281183	1228
3 prime UTR variant	LOW_FREQ	non-CpG-ti	102762	102762	16207.047	3881.666627	102654	23940.775968290753	310704.3819644595	8515
3 prime UTR variant	LOW_FREQ	non-CpG-tv	62607	62607	4667.451	1888.2956550000001	62517	15830.88098935598	190176.4566176379	5125
3 prime UTR variant	LOW_FREQ	unknown	77	0	0	0	77	-40.94899944216011	153.14755410571033	2
3 prime UTR variant	RARE	CpG	118085	118085	245045.035	541832.426643	118006	-81660.67799787827	458393.91201107093	4321
3 prime UTR variant	RARE	non-CpG-ti	260981	260981	41903.369	10358.995763	260786	78138.95289666404	870735.674713906	24115
3 prime UTR variant	RARE	non-CpG-tv	160500	160500	11663.684	3930.579976	160334	52911.29498863792	528318.6844332479	14966
3 prime UTR variant	RARE	unknown	116	0	0	0	116	-73.98599981609735	447.75252229449234	2
3 prime UTR variant	SINGLETON	CpG	136366	136366	245182.277	491318.963693	136250	-60806.77403086751	560399.4389991186	7817
3 prime UTR variant	SINGLETON	non-CpG-ti	2557597	2557597	363123.234	71547.849852	2555862	1234109.8131452918	9176108.23309958	279318
3 prime UTR variant	SINGLETON	non-CpG-tv	1781559	1781559	95054.215	9755.199717	1780007	865694.6852436269	6447511.498828594	195679
3 prime UTR variant	SINGLETON	unknown	360	0	0	0	360	116.85699926223599	1044.157350041468	29
3 prime UTR variant	ULTRARARE	CpG	488326	488326	976791.206	2091305.77104	487942	-294657.0340265508	1950466.3247126546	21829
3 prime UTR variant	ULTRARARE	non-CpG-ti	1673029	1673029	263697.271	61990.815701	1671778	642077.1115157878	5947094.495815156	170752
3 prime UTR variant	ULTRARARE	non-CpG-tv	1018074	1018074	62575.026	10585.692216	1017093	437014.8977058297	3592398.6932775103	106749
3 prime UTR variant	ULTRARARE	unknown	303	0	0	0	303	4.579999858513539	652.4494885351024	15
5 prime UTR variant	COMMON	CpG	10598	10598	14258.006	27009.766338	10580	-6399.94100076461	42220.32408806717	498
5 prime UTR variant	COMMON	non-CpG-ti	31496	31496	4491.654	925.413106	31478	628.5069763251819	101912.05892441653	2250
5 prime UTR variant	COMMON	non-CpG-tv	21908	21908	1582.0810000000001	369.422173	21893	946.8999890091371	73745.71819658506	1704
5 prime UTR variant	COMMON	unknown	13	0	0	0	13	4.517999734729529	90.52833789354256	1
5 prime UTR variant	LOW_FREQ	CpG	15687	15687	22150.018	43558.408394	15662	-6206.354003785411	67088.24735414503	1019
5 prime UTR variant	LOW_FREQ	non-CpG-ti	38303	38303	5797.054	1244.085438	38260	11244.900985377375	152460.72483086443	3918
5 prime UTR variant	LOW_FREQ	non-CpG-tv	28430	28430	2168.55	465.934658	28392	9210.606017499696	119497.07056558116	3221
5 prime UTR variant	LOW_FREQ	unknown	10	0	0	0	10	4.31099987775088	46.34835246446744	1
5 prime UTR variant	RARE	CpG	46189	46189	67233.905	134123.959445	46104	-14705.686995417578	211990.59984425423	3625
5 prime UTR variant	RARE	non-CpG-ti	99407	99407	15319.376	3407.266428	99335	41480.11701451128	440076.284689158	12026
5 prime UTR variant	RARE	non-CpG-tv	76058	76058	5939.477	1235.296615	75976	33523.39499094535	359264.03003546665	9981
5 prime UTR variant	RARE	unknown	22	0	0	0	22	6.798999808728704	38.9073021284224	1
5 prime UTR variant	SINGLETON	CpG	172270	172270	125407.957	170188.967629	172181	76711.95796677869	1008020.9815359182	27792
5 prime UTR variant	SINGLETON	non-CpG-ti	962145	962145	135053.713	24794.939079	961559	561404.5048630812	4322088.074313088	130716
5 prime UTR variant	SINGLETON	non-CpG-tv	837470	837470	54160.064	6092.536414	836798	505009.5069553652	4102193.6943706544	122828
5 prime UTR variant	SINGLETON	unknown	110	0	0	0	110	31.53899955935777	236.60456541536516	9
5 prime UTR variant	ULTRARARE	CpG	237680	237680	295021.079	544331.793683	237430	-17586.567979303298	1181278.2240073774	24671
5 prime UTR variant	ULTRARARE	non-CpG-ti	644663	644663	97923.95999999999	20681.33734	644198	334198.03092686884	2976391.968140862	86159
5 prime UTR variant	ULTRARARE	non-CpG-tv	499418	499418	36435.092	5288.252932	499003	277757.93300916196	2501638.100935075	72539
5 prime UTR variant	ULTRARARE	unknown	91	0	0	0	91	38.71800014376645	254.4329096834761	10
TF binding site variant	COMMON	CpG	4824	4824	8627.764	18097.505808	4651	-4165.969998502988	15562.33567039064	65
TF binding site variant	COMMON	non-CpG-ti	13389	13389	1964.1200000000001	383.978108	13094	-2514.7680006324063	30464.21840486428	506
TF binding site variant	COMMON	non-CpG-tv	8392	8392	577.563	118.785071	8071	-1310.8760014615257	17205.932235717315	307
TF binding site variant	COMMON	unknown	171	0	0	0	23	-5.849999886006119	14.0828434445379	0
TF binding site variant	LOW_FREQ	CpG	6376	6376	12603.375	27989.930549	6119	-5165.463002305713	21332.232762517924	116
TF binding site variant	LOW_FREQ	non-CpG-ti	14232	14232	2220.057	461.480427	13774	328.5829973443178	34413.15073459387	677
TF binding site variant	LOW_FREQ	non-CpG-tv	9440	9440	696.043	137.679469	8914	-14.853004413423971	20422.30768172239	446
TF binding site variant	LOW_FREQ	unknown	271	0	0	0	27	-10.169999938458206	23.8246756156972	0
TF binding site variant	RARE	CpG	17986	17986	35883.998	80227.96003	17143	-14703.437993034599	63646.42198530101	366
TF binding site variant	RARE	non-CpG-ti	34499	34499	5423.923	1137.582463	33371	2889.276994336628	87294.0531424341	1903
TF binding site variant	RARE	non-CpG-tv	22894	22894	1684.023	337.818459	21554	883.1159978800005	56405.89101336093	1150
TF binding site variant	RARE	unknown	713	0	0	0	50	-15.938999742269507	46.45903757799121	0
TF binding site variant	SINGLETON	CpG	22729	22729	34645.132	65222.565264	22520	-15604.679999059063	80555.39768461711	709
TF binding site variant	SINGLETON	non-CpG-ti	328324	328324	47673.866	8803.942456	322531	60255.67899111135	774294.5730537844	20060
TF binding site variant	SINGLETON	non-CpG-tv	247127	247127	15163.948	1686.416696	239905	32023.368978226194	605663.4539946511	14570
TF binding site variant	SINGLETON	unknown	1633	0	0	0	238	-6.2130002190824545	69.41574794434112	0
TF binding site variant	ULTRARARE	CpG	71167	71167	131892.791	278767.606363	69782	-55994.91299332143	256169.01086814672	1665
TF binding site variant	ULTRARARE	non-CpG-ti	215383	215383	33551.693	6880.190589	210122	27710.578952956123	522442.0832825869	12621
TF binding site variant	ULTRARARE	non-CpG-tv	144817	144817	10036.703	1423.066075	138582	13328.00900504005	355612.99279949645	8136
TF binding site variant	ULTRARARE	unknown	2035	0	0	0	206	-27.846000164747238	116.37475881787172	1
coding sequence variant	COMMON	CpG	2	2	0.8500000000000001	0.39878800000000003	2	0.9159999638795809	1.1637279109210954	0
coding sequence variant	COMMON	non-CpG-ti	4	4	0.322	0.027404	4	-0.506999984383586	4.3178828801078835	0
coding sequence variant	COMMON	non-CpG-tv	3	3	0.23399999999999999	0.032076	3	0.16499998793005982	0.1886249938309195	0
coding sequence variant	LOW_FREQ	non-CpG-ti	2	2	0.19	0.019018	2	0.250999927520752	5.97240507385254	0
coding sequence variant	LOW_FREQ	non-CpG-tv	1	1	0.117	0.013689	1	-2.125	4.515625	0
coding sequence variant	RARE	CpG	3	3	4.228	8.13753	3	6.06299984455109	29.046367045837464	1
coding sequence variant	RARE	non-CpG-ti	5	5	0.836	0.19082400000000002	5	3.1800001859664935	69.90330505051236	2
coding sequence variant	RARE	non-CpG-tv	9	9	0.788	0.10524	9	-1.562999874353408	22.124198216498844	1
coding sequence variant	RARE	unknown	4	0	0	0	4	0.784000009298325	0.2747680070467	0
coding sequence variant	SINGLETON	CpG	8	8	8.86	16.454424	8	-2.919999781996014	25.374552067444846	1
coding sequence variant	SINGLETON	non-CpG-ti	34	34	5.335	1.377429	34	17.797999853268276	101.2134139120852	4
coding sequence variant	SINGLETON	non-CpG-tv	34	34	2.464	0.353474	34	31.41399961709981	356.74006655880925	10
coding sequence variant	ULTRARARE	CpG	11	11	10.651	19.220001	11	1.5089998175390114	52.69796668774279	2
coding sequence variant	ULTRARARE	non-CpG-ti	31	31	4.429	0.768103	31	20.217999715357976	200.1377433853714	5
coding sequence variant	ULTRARARE	non-CpG-tv	20	20	1.56	0.188088	20	-3.1409999839961444	115.15452805610593	2
coding sequence variant	ULTRARARE	unknown	8	0	0	0	8	2.09299974143505	16.6884108730092	0
downstream gene variant	COMMON	CpG	72501	72501	143750.134	320820.059718	72177	-68398.98796760956	210954.58661819433	358
downstream gene variant	COMMON	non-CpG-ti	237583	237583	35067.387	6987.642095	236727	-76505.17094471995	384700.37839788065	3214
downstream gene variant	COMMON	non-CpG-tv	148374	148374	11380.332	4778.013	147735	-44470.73697437276	231565.37785200911	2059
downstream gene variant	COMMON	unknown	334	0	0	0	325	-184.70599952992058	686.9636203353344	1
downstream gene variant	LOW_FREQ	CpG	92521	92521	205153.644	486357.445282	92009	-84130.8999572464	262717.10198929725	568
downstream gene variant	LOW_FREQ	non-CpG-ti	249515	249515	38431.427	7921.527901	248656	-27280.18496673752	325786.60731295275	4277
downstream gene variant	LOW_FREQ	non-CpG-tv	159587	159587	12175.721	4120.862599	158812	-21275.040963972213	219621.0999843417	2756
downstream gene variant	LOW_FREQ	unknown	349	0	0	0	334	-151.2499995296821	437.47790757967095	0
downstream gene variant	RARE	CpG	269535	269535	600695.444	1427736.761666	268054	-245934.91988935365	773656.2520477973	1701
downstream gene variant	RARE	non-CpG-ti	597425	597425	92874.777	19465.726907	595238	-53540.72390221919	775875.6234764314	10710
downstream gene variant	RARE	non-CpG-tv	386370	386370	29003.834	8581.416496	384445	-42614.38289665419	536124.9779922136	6988
downstream gene variant	RARE	unknown	923	0	0	0	874	-365.0559987472372	1381.3594595240781	4
downstream gene variant	SINGLETON	CpG	232986	232986	441977.78	926584.533106	232188	-182523.39688627722	629262.8460199444	2549
downstream gene variant	SINGLETON	non-CpG-ti	5560459	5560459	797987.768	147511.206208	5545643	-60191.97409992454	6581058.288339069	110794
downstream gene variant	SINGLETON	non-CpG-tv	4046952	4046952	234923.825	25606.088915	4033030	-116112.84423327325	5078751.817706308	81799
downstream gene variant	SINGLETON	unknown	3243	0	0	0	3117	-636.3579992000015	2849.6661635176824	12
downstream gene variant	ULTRARARE	CpG	952996	952996	2018620.58	4580641.212168	949712	-832288.4325670612	2686452.957541235	7435
downstream gene variant	ULTRARARE	non-CpG-ti	3679338	3679338	568230.335	116730.265373	3667885	-215843.09145773214	4578974.898845738	68599
downstream gene variant	ULTRARARE	non-CpG-tv	2357973	2357973	156433.842	25393.979158000002	2348178	-151586.00248722616	3082631.59553098	45841
downstream gene variant	ULTRARARE	unknown	3061	0	0	0	2940	-788.8510011839679	3840.4299293294025	27
incomplete terminal codon variant	COMMON	CpG	1	1	2.207	4.870849	1	-6.40700006484985	41.049649830986	0
incomplete terminal codon variant	COMMON	non-CpG-ti	2	2	0.305	0.053357	2	-1.070000022649765	0.702500034570694	0
incomplete terminal codon variant	COMMON	non-CpG-tv	2	2	0.04	8e-4	2	-1.6169999837875362	6.40496884284592	0
incomplete terminal codon variant	LOW_FREQ	CpG	1	1	2.303	5.303809	1	-1.21300005912781	1.47136914344406	0
incomplete terminal codon variant	LOW_FREQ	non-CpG-ti	7	7	1.256	0.301012	7	0.42499992251396096	52.47788846516466	1
incomplete terminal codon variant	LOW_FREQ	non-CpG-tv	3	3	0.155	0.009573	3	6.122999876737598	51.66330406934734	1
incomplete terminal codon variant	LOW_FREQ	unknown	2	0	0	0	2	-0.4480000138282799	1.8939699944543829	0
incomplete terminal codon variant	RARE	CpG	6	6	13.448	31.523902	6	0.06999994814395616	12.718143547796993	1
incomplete terminal codon variant	RARE	non-CpG-ti	16	16	2.342	0.385072	16	18.52900009974837	101.71302198942949	4
incomplete terminal codon variant	RARE	non-CpG-tv	6	6	0.299	0.018827	6	5.457999885082235	15.348841456182528	1
incomplete terminal codon variant	RARE	unknown	17	0	0	0	17	20.40199917554856	229.8437527739134	6
incomplete terminal codon variant	SINGLETON	CpG	7	7	11.123	21.541839	7	3.1859999299049435	87.91271386249926	2
incomplete terminal codon variant	SINGLETON	non-CpG-ti	90	90	13.423	2.829789	90	62.65000033192339	697.4731349312215	20
incomplete terminal codon variant	SINGLETON	non-CpG-tv	56	56	3.218	0.295164	56	13.29700030293312	424.5756925671832	8
incomplete terminal codon variant	ULTRARARE	CpG	17	17	35.071	75.495079	17	-23.47999988496304	190.68822838134682	1
incomplete terminal codon variant	ULTRARARE	non-CpG-ti	57	57	8.892	2.249742	57	53.67300047539172	426.33786437830526	11
incomplete terminal codon variant	ULTRARARE	non-CpG-tv	38	38	1.845	0.133701	38	10.757999978028261	241.0983527808461	3
incomplete terminal codon variant	ULTRARARE	unknown	11	0	0	0	11	37.3879994452	246.1239569342342	8
intergenic variant	COMMON	CpG	402328	402328	849501.144	1997184.138568	391570	-350437.94375233445	989365.5478992335	1433
intergenic variant	COMMON	non-CpG-ti	1574180	1574180	243626.861	50984.368299	1537312	-489461.79558516794	2095884.9345294174	15281
intergenic variant	COMMON	non-CpG-tv	997839	997839	75856.853	27136.077287	966833	-296287.4547095131	1313238.2711078422	9949
intergenic variant	COMMON	unknown	4298	0	0	0	1870	-1143.8760000676848	3285.6917562394387	0
intergenic variant	LOW_FREQ	CpG	498017	498017	1173064.568	2926270.452738	480168	-423729.81772554485	1239574.434216392	2147
intergenic variant	LOW_FREQ	non-CpG-ti	1678781	1678781	271459.001	59223.327963	1625620	-202130.29665759305	1758262.5195745465	20973
intergenic variant	LOW_FREQ	non-CpG-tv	1086155	1086155	83916.174	25441.634404	1038349	-155777.11375477925	1223620.941714018	13557
intergenic variant	LOW_FREQ	unknown	7404	0	0	0	1970	-903.8369997561679	2504.90595209086	0
intergenic variant	RARE	CpG	1442738	1442738	3408474.369	8510261.854067	1389903	-1216588.7001088343	3576160.8141177185	6570
intergenic variant	RARE	non-CpG-ti	3990356	3990356	649974.47	143671.054624	3854217	-404664.3092162484	4132753.5376118915	52075
intergenic variant	RARE	non-CpG-tv	2619988	2619988	200129.944	53593.770558	2494334	-305902.86331802263	2849987.454445728	34597
intergenic variant	RARE	unknown	18099	0	0	0	4605	-1751.9969977762084	5210.712698826549	5
intergenic variant	SINGLETON	CpG	951011	951011	1918444.736	4165494.445314	938712	-701846.4945079375	2236821.703186931	7755
intergenic variant	SINGLETON	non-CpG-ti	37038468	37038468	5523840.814999993	1075175.7415130008	36154175	-1385603.371923628	35647883.09510809	549524
intergenic variant	SINGLETON	non-CpG-tv	27689254	27689254	1680044.1540000006	193283.09256199907	26778352	-1320019.2066538564	27578255.404023763	414596
intergenic variant	SINGLETON	unknown	42590	0	0	0	16174	-3288.738998361982	11818.933389430429	23
intergenic variant	ULTRARARE	CpG	4481279	4481279	9989204.944	23593398.21878	4400659	-3639625.5476144953	10999266.578070732	26484
intergenic variant	ULTRARARE	non-CpG-ti	24751693	24751693	4001473.385999995	868877.1592680002	23985725	-1968137.2853148405	24877140.568912577	337164
intergenic variant	ULTRARARE	non-CpG-tv	16108819	16108819	1122360.942000001	183008.24552999958	15418966	-1279794.7711697055	16576077.058339953	225684
intergenic variant	ULTRARARE	unknown	50454	0	0	0	13996	-3965.8190020102766	12550.222779977887	11
intron variant	COMMON	CpG	1066092	1066092	2125096.88	4741259.427478	1061567	-955230.2434541561	2964182.0102601936	6193
intron variant	COMMON	non-CpG-ti	3782475	3782475	580532.754	132496.36777	3772951	-1105365.2524052863	6222621.944027703	58470
intron variant	COMMON	non-CpG-tv	2317112	2317112	171514.859	70438.522861	2309079	-555566.2506385313	3550974.3800954665	38310
intron variant	COMMON	unknown	4899	0	0	0	4641	-2905.7599982824177	8949.043171777945	17
intron variant	LOW_FREQ	CpG	1393186	1393186	3076531.992	7206479.532876	1386493	-1216362.8153938535	3908109.8563651326	9877
intron variant	LOW_FREQ	non-CpG-ti	4187677	4187677	670861.842	159832.740868	4175664	-437619.00045886444	5964655.135138443	84480
intron variant	LOW_FREQ	non-CpG-tv	2608231	2608231	192356.206	66534.730338	2597320	-242076.92458095806	3715047.650326086	54566
intron variant	LOW_FREQ	unknown	5460	0	0	0	4901	-2043.6089998943494	6384.285432638687	14
intron variant	RARE	CpG	4081450	4081450	9052199.809	21244304.951343	4062076	-3541110.678107999	11512630.299778583	31327
intron variant	RARE	non-CpG-ti	10183175	10183175	1651760.6989999998	402808.65421300003	10153525	-894722.8690411152	14700347.369228607	216928
intron variant	RARE	non-CpG-tv	6412865	6412865	461439.831	139445.755591	6385935	-408872.04986635543	9155808.503788764	145700
intron variant	RARE	unknown	13605	0	0	0	12190	-4254.666994110797	15125.194655018639	54
intron variant	SINGLETON	CpG	3702527	3702527	6966893.045	14471784.531461002	3694302	-2651271.654705526	10143153.72248539	57069
intron variant	SINGLETON	non-CpG-ti	96341462	96341462	13943320.88700006	2772234.6048850277	96147191	753941.8662354243	126653174.03708027	2352106
intron variant	SINGLETON	non-CpG-tv	69108924	69108924	3825826.5059999796	400076.961483999	68919693	1126884.631527481	93170423.26733044	1774732
intron variant	SINGLETON	unknown	43380	0	0	0	39968	-7080.100996081717	37385.998279533735	257
intron variant	ULTRARARE	CpG	14945683	14945683	31509833.489	70617079.71470298	14902598	-12323332.794734841	41694340.29068495	143559
intron variant	ULTRARARE	non-CpG-ti	63788147	63788147	10197859.325000018	2388697.3113450115	63636645	-3607442.74024297	89934064.94876233	1439966
intron variant	ULTRARARE	non-CpG-tv	39750516	39750516	2513525.950999995	402199.1085649997	39617482	-708189.7053100832	54977188.10933519	974055
intron variant	ULTRARARE	unknown	40528	0	0	0	36715	-7511.658984440144	45965.775293564715	421
mature miRNA variant	COMMON	CpG	47	47	82.688	178.164378	47	-45.779999613761895	136.92128907988135	0
mature miRNA variant	COMMON	non-CpG-ti	82	82	11.808	2.2207660000000002	80	-12.605999324470764	235.6573573674251	4
mature miRNA variant	COMMON	non-CpG-tv	47	47	3.617	0.631467	41	-9.188000171445315	157.85945956593764	2
mature miRNA variant	LOW_FREQ	CpG	50	50	101.232	226.645724	49	-30.23400075407706	447.3093629895195	4
mature miRNA variant	LOW_FREQ	non-CpG-ti	110	110	16.362000000000002	3.292864	107	6.584999460726988	463.9755258739176	7
mature miRNA variant	LOW_FREQ	non-CpG-tv	56	56	3.855	0.6526310000000001	55	33.41300020553173	440.16800797569084	8
mature miRNA variant	LOW_FREQ	unknown	1	0	0	0	1	-1.36800003051758	1.87142408349609	0
mature miRNA variant	RARE	CpG	165	165	342.948	772.506898	165	-115.72900035977362	1183.6540107249791	15
mature miRNA variant	RARE	non-CpG-ti	273	273	41.674	8.402924	270	172.31699970085168	2085.354581301393	38
mature miRNA variant	RARE	non-CpG-tv	170	170	11.243	1.789419	164	55.90399964246908	689.9069294937905	15
mature miRNA variant	RARE	unknown	11	0	0	0	11	-10.7900003790855	73.4391296758186	0
mature miRNA variant	SINGLETON	CpG	370	370	536.397	1034.274783	370	509.10400008968986	5671.453435471106	102
mature miRNA variant	SINGLETON	non-CpG-ti	2876	2876	412.263	76.272173	2870	3395.661985381856	27861.466553631977	619
mature miRNA variant	SINGLETON	non-CpG-tv	2111	2111	126.544	13.48249	2108	2369.781000447228	21844.92608286991	456
mature miRNA variant	SINGLETON	unknown	20	0	0	0	20	-24.2710006157868	87.0769970237881	0
mature miRNA variant	ULTRARARE	CpG	781	781	1463.493	3133.230293	781	645.3559935358352	10412.921225568623	179
mature miRNA variant	ULTRARARE	non-CpG-ti	1937	1937	303.698	65.343024	1930	1843.6429991148188	16120.376224133039	369
mature miRNA variant	ULTRARARE	non-CpG-tv	1236	1236	84.801	11.383623	1231	1137.182997628232	10989.766912214633	236
mature miRNA variant	ULTRARARE	unknown	26	0	0	0	26	-34.1760008335114	185.356099151667	0
missense variant	COMMON	CpG	10988	10988	20154.922	42473.595678	10978	10899.802966967578	146983.69272755965	3244
missense variant	COMMON	non-CpG-ti	21233	21233	3224.2219999999998	758.160984	21207	29292.58796382684	236189.88438641993	6690
missense variant	COMMON	non-CpG-tv	15632	15632	932.264	105.28956600000001	15584	20935.968960391703	177519.9639030856	4701
missense variant	COMMON	unknown	88	0	0	0	88	-30.30200073122977	942.3850390721221	13
missense variant	LOW_FREQ	CpG	22688	22688	45218.92	99028.359418000007	22663	49205.963855291026	454516.96138187783	9800
missense variant	LOW_FREQ	non-CpG-ti	30866	30866	5090.659	1338.453649	30828	75483.1818813371	519636.97050017153	13913
missense variant	LOW_FREQ	non-CpG-tv	24238	24238	1524.547	179.797227	24183	53000.81188046324	383871.2461643426	9922
missense variant	LOW_FREQ	unknown	52	0	0	0	52	-29.59099990176033	566.7316722456266	1
missense variant	RARE	CpG	87363	87363	176469.08800000002	388545.60251	87291	261789.89529586353	2192679.7022476555	45485
missense variant	RARE	non-CpG-ti	91858	91858	15724.039999999999	4474.733034	91733	273229.92946495867	1853178.5677395572	47551
missense variant	RARE	non-CpG-tv	73101	73101	4699.155	575.898549	72937	195066.9596454743	1391480.1902663857	34443
missense variant	RARE	unknown	504	0	0	0	504	150.45000024046746	2625.973945896151	70
missense variant	SINGLETON	CpG	236501	236501	391597.792	782774.963672	236421	1159002.1577287815	9158910.197558004	168342
missense variant	SINGLETON	non-CpG-ti	1137704	1137704	166665.146	34850.127778	1136798	4449182.098057148	30537824.99034669	715571
missense variant	SINGLETON	non-CpG-tv	1056380	1056380	60470.379	5737.672057	1055222	3645946.46238842	25865936.122814443	598244
missense variant	SINGLETON	unknown	777	0	0	0	777	638.3040024954828	6118.638257088492	162
missense variant	ULTRARARE	CpG	508238	508238	985935.78	2106230.739342	507997	2069549.7946864213	16690442.41051362	321754
missense variant	ULTRARARE	non-CpG-ti	687130	687130	114384.689	30182.498523	686453	2403980.0725418995	16382742.788136354	400656
missense variant	ULTRARARE	non-CpG-tv	551865	551865	34370.301	3852.824517	551023	1726944.7971293114	12277636.232581608	291126
missense variant	ULTRARARE	unknown	1787	0	0	0	1787	986.8459985465742	14154.281081756992	352
non coding transcript exon variant	COMMON	CpG	58715	58715	110292.057	237699.680525	58520	-46883.04200254602	266214.57370264636	1993
non coding transcript exon variant	COMMON	non-CpG-ti	178078	178078	26396.403	5670.169771	177697	-26713.278973508513	493401.3540939074	8160
non coding transcript exon variant	COMMON	non-CpG-tv	108200	108200	7420.999	2289.904141	107831	-9515.30901030404	286503.67994892545	5121
non coding transcript exon variant	COMMON	unknown	210	0	0	0	191	-101.17300025583243	548.045692127848	3
non coding transcript exon variant	LOW_FREQ	CpG	78406	78406	162521.984	367699.06934	78131	-57642.09296777996	348472.10424675536	2977
non coding transcript exon variant	LOW_FREQ	non-CpG-ti	192274	192274	29949.086	6674.954024	191865	11405.388004884939	498244.6109841897	10105
non coding transcript exon variant	LOW_FREQ	non-CpG-tv	121376	121376	8431.783	2160.861641	120941	8199.714999801943	331637.25106691505	6605
non coding transcript exon variant	LOW_FREQ	unknown	282	0	0	0	234	-178.85999987099783	1188.3421539402289	0
non coding transcript exon variant	RARE	CpG	228286	228286	476524.064	1081877.75015	227471	-171810.89595254287	1031700.0341106578	8639
non coding transcript exon variant	RARE	non-CpG-ti	469606	469606	73978.214	16958.827526	468584	38402.59898178755	1260393.3469390057	25949
non coding transcript exon variant	RARE	non-CpG-tv	300890	300890	20732.791	4668.420481	299897	27278.618027580796	829709.1889042766	17099
non coding transcript exon variant	RARE	unknown	594	0	0	0	517	-445.4519999511544	2910.582832709471	4
non coding transcript exon variant	SINGLETON	CpG	290432	290432	466596.945	916477.742611	289956	-144009.83197746117	1308952.9489233573	15949
non coding transcript exon variant	SINGLETON	non-CpG-ti	4486704	4486704	639960.766	121623.111818	4480038	747447.804795922	11265789.265083255	258983
non coding transcript exon variant	SINGLETON	non-CpG-tv	3276969	3276969	185789.619	19017.176303	3270527	535289.7158881197	8777620.107590206	196934
non coding transcript exon variant	SINGLETON	unknown	1222	0	0	0	1168	-229.96200147969662	3166.263157217029	30
non coding transcript exon variant	ULTRARARE	CpG	906080	906080	1784946.303	3876986.8200270003	903937	-631903.7049363983	3974051.075543934	35818
non coding transcript exon variant	ULTRARARE	non-CpG-ti	2953024	2953024	460017.735	101498.876435	2947814	321439.4857712369	7733012.049328129	166211
non coding transcript exon variant	ULTRARARE	non-CpG-tv	1892937	1892937	120070.951	16732.041321	1887977	254713.5928910415	5205829.625198879	112472
non coding transcript exon variant	ULTRARARE	unknown	1320	0	0	0	1222	-495.8310004132797	3802.064431007338	21
non coding transcript variant	SINGLETON	non-CpG-ti	7	7	0.954	0.158354	7	-1.221000000834465	16.38038927382085	1
non coding transcript variant	SINGLETON	non-CpG-tv	3	3	0.314	0.050749999999999997	3	0.27199998497962896	0.4330419566588416	0
non coding transcript variant	ULTRARARE	non-CpG-ti	2	2	0.302	0.04666	2	-1.9190000891685532	4.356805373258595	0
non coding transcript variant	ULTRARARE	non-CpG-tv	2	2	0.04	8e-4	2	0.2029999494552599	3.50276514326096	0
regulatory region variant	COMMON	CpG	52766	52766	104147.75200000001	232082.264164	52574	-48097.68798734468	162363.21421388266	464
regulatory region variant	COMMON	non-CpG-ti	188901	188901	27604.916	5389.208668	188316	-43058.62397946429	336337.6388034291	4523
regulatory region variant	COMMON	non-CpG-tv	115511	115511	8218.828	2754.0302619999998	115043	-22495.39699557575	197043.1377405008	2801
regulatory region variant	COMMON	unknown	278	0	0	0	218	-119.74200018588448	313.63368394604186	1
regulatory region variant	LOW_FREQ	CpG	66113	66113	145651.711	344386.932719	65840	-58705.07196872589	208190.18432148	729
regulatory region variant	LOW_FREQ	non-CpG-ti	199539	199539	30492.493	6195.340985	198772	-5269.099986077519	320048.8505477104	6272
regulatory region variant	LOW_FREQ	non-CpG-tv	124304	124304	8919.328	2461.4588440000002	123510	-4927.587991973736	209926.06418221392	4025
regulatory region variant	LOW_FREQ	unknown	426	0	0	0	264	-79.05899964319535	187.68990779553928	0
regulatory region variant	RARE	CpG	191947	191947	423727.78	1002912.874976	191045	-166875.96498660493	612903.7161491411	2535
regulatory region variant	RARE	non-CpG-ti	474258	474258	72978.846	15005.909414	472203	-437.0779707839256	795459.6123386504	16161
regulatory region variant	RARE	non-CpG-tv	301907	301907	21496.711	5394.0809070000005	299716	-1314.7060058705908	515265.07745672134	10478
regulatory region variant	RARE	unknown	1068	0	0	0	650	-245.307999513112	584.6725040541367	0
regulatory region variant	SINGLETON	CpG	183780	183780	349796.371	731202.389713	183354	-139448.6029770781	556838.051597906	3174
regulatory region variant	SINGLETON	non-CpG-ti	4584702	4584702	653579.164	118622.414732	4572892	314014.53218839003	7505596.69921858	172801
regulatory region variant	SINGLETON	non-CpG-tv	3302443	3302443	190425.503	19849.687363	3289719	205587.93613576322	5644181.080681425	128393
regulatory region variant	SINGLETON	unknown	3546	0	0	0	2383	-378.64900052803574	1427.489930162048	3
regulatory region variant	ULTRARARE	CpG	722061	722061	1517747.075	3432789.4921709998	720011	-598801.4678356788	2265972.051332062	10500
regulatory region variant	ULTRARARE	non-CpG-ti	2978993	2978993	455776.294	91866.849762	2968913	57433.69901927605	5002527.530759715	106228
regulatory region variant	ULTRARARE	non-CpG-tv	1888273	1888273	122819.996	18050.149494	1877552	60628.28308274633	3241226.0475065582	70096
regulatory region variant	ULTRARARE	unknown	3476	0	0	0	2031	-493.32200058898894	1530.2299705734545	1
splice acceptor variant	COMMON	CpG	36	36	51.58	94.92634	36	-11.171000448986891	98.70283414089441	2
splice acceptor variant	COMMON	non-CpG-ti	592	592	72.279	11.519169	591	278.8229998843746	3315.537435102606	80
splice acceptor variant	COMMON	non-CpG-tv	334	334	15.386	0.991212	332	173.99500000430274	1491.5835759917097	38
splice acceptor variant	LOW_FREQ	CpG	21	21	46.135	108.08717899999999	21	-1.884000226855278	236.27663019839272	6
splice acceptor variant	LOW_FREQ	non-CpG-ti	780	780	90.503	11.940107	779	803.8569994973952	6954.696731927074	157
splice acceptor variant	LOW_FREQ	non-CpG-tv	475	475	24.321	1.773887	474	658.5789993796499	5057.239482691598	108
splice acceptor variant	RARE	CpG	45	45	100.802	234.692148	45	-30.23799996823079	540.0307349419743	7
splice acceptor variant	RARE	non-CpG-ti	2069	2069	243.161	32.063059	2063	3388.995999495733	26888.828140948626	574
splice acceptor variant	RARE	non-CpG-tv	1203	1203	55.379	3.526345	1200	2262.2259943179088	16819.749221995044	345
splice acceptor variant	RARE	unknown	1	0	0	0	1	0.068000003695488	0.00462400050258638	0
splice acceptor variant	SINGLETON	CpG	71	71	115.216	233.105154	71	94.34500011987984	983.7829418727038	21
splice acceptor variant	SINGLETON	non-CpG-ti	28248	28248	3261.515	414.576693	28213	88973.82479981739	653039.0258692177	13307
splice acceptor variant	SINGLETON	non-CpG-tv	18955	18955	867.784	57.203102	18937	61910.04784347958	470510.6117454948	8854
splice acceptor variant	SINGLETON	unknown	14	0	0	0	14	10.4890002310276	10.523167539949904	0
splice acceptor variant	ULTRARARE	CpG	159	159	319.699	686.330779	158	185.5789995621889	2233.4467438411907	55
splice acceptor variant	ULTRARARE	non-CpG-ti	14869	14869	1746.897	231.51805099999999	14849	36686.86893536896	270450.8382031881	5698
splice acceptor variant	ULTRARARE	non-CpG-tv	9376	9376	449.06	33.944156	9354	24101.21995249729	182314.683267212	3568
splice acceptor variant	ULTRARARE	unknown	5	0	0	0	5	7.754999861121178	32.19238683849438	1
splice donor variant	COMMON	CpG	150	150	284.195	639.569309	150	-78.78399964422006	1124.7141822791075	11
splice donor variant	COMMON	non-CpG-ti	851	851	130.786	24.87556	850	284.0089985572268	5517.015260279913	113
splice donor variant	COMMON	non-CpG-tv	491	491	30.549	2.913725	488	260.2380008720794	3200.313594707942	60
splice donor variant	COMMON	unknown	1	0	0	0	0	0	0	0
splice donor variant	LOW_FREQ	CpG	161	161	354.29	851.394952	161	143.0999998855403	2333.7284516225404	38
splice donor variant	LOW_FREQ	non-CpG-ti	976	976	157.019	29.879867	976	1149.020997656742	10132.273987989092	206
splice donor variant	LOW_FREQ	non-CpG-tv	599	599	38.789	3.866633	598	641.9700017014986	6061.418135763065	127
splice donor variant	LOW_FREQ	unknown	1	0	0	0	1	7.00500011444092	49.0700266033173	1
splice donor variant	RARE	CpG	512	512	1148.578	2807.662032	511	840.7389985532501	10365.581665877338	170
splice donor variant	RARE	non-CpG-ti	2524	2524	405.817	75.003409	2521	4412.512985477342	36356.02846930544	727
splice donor variant	RARE	non-CpG-tv	1727	1727	121.575	14.102381	1721	2947.416989335675	25901.648326498376	485
splice donor variant	RARE	unknown	1	0	0	0	1	3.63299989700317	13.1986882516251	1
splice donor variant	SINGLETON	CpG	1377	1377	2614.0570000000002	5733.631309	1376	6791.430957869046	61618.72395749014	897
splice donor variant	SINGLETON	non-CpG-ti	33462	33462	5236.028	945.464466	33420	108022.25470459982	855816.5954873358	15378
splice donor variant	SINGLETON	non-CpG-tv	26246	26246	1653.497	156.985835	26208	81951.69078555354	653950.9061695902	11868
splice donor variant	SINGLETON	unknown	11	0	0	0	11	18.37500003725286	93.35897219346954	5
splice donor variant	ULTRARARE	CpG	2878	2878	6158.662	14312.074466	2878	9668.056958300178	97648.37531294182	1444
splice donor variant	ULTRARARE	non-CpG-ti	18849	18849	3046.747	567.005047	18821	48383.69087667486	387408.0921891963	7236
splice donor variant	ULTRARARE	non-CpG-tv	13079	13079	883.521	91.866533	13052	31953.19692004927	259782.87287295164	4863
splice donor variant	ULTRARARE	unknown	8	0	0	0	7	22.076999664306623	115.32755564309699	6
splice region variant	COMMON	CpG	2547	2547	4707.606	10103.849472	2542	-3200.2659979480086	21009.670173536622	96
splice region variant	COMMON	non-CpG-ti	9179	9179	1302.487	251.136659	9165	1381.8290052835368	38065.019457947834	923
splice region variant	COMMON	non-CpG-tv	4914	4914	329.373	78.925513	4903	523.6939987293448	18314.297899312947	413
splice region variant	COMMON	unknown	8	0	0	0	8	1.384999893605711	16.592714801776992	1
splice region variant	LOW_FREQ	CpG	3566	3566	7242.076	16319.85947	3560	-4006.1589958756213	30473.133614342365	168
splice region variant	LOW_FREQ	non-CpG-ti	10790	10790	1628.196	335.023304	10779	5433.191002474399	53921.545636921124	1491
splice region variant	LOW_FREQ	non-CpG-tv	5874	5874	395.724	72.116118	5862	1763.619994152105	23969.884620565415	598
splice region variant	LOW_FREQ	unknown	10	0	0	0	8	-5.4240002632141096	45.77920098655231	1
splice region variant	RARE	CpG	10951	10951	22532.108	50789.32832	10932	-11290.472997886833	92279.39129616322	637
splice region variant	RARE	non-CpG-ti	26929	26929	4054.49	841.146026	26894	16419.028978724735	139309.23556339467	4105
splice region variant	RARE	non-CpG-tv	15171	15171	1042.658	211.743598	15135	6507.6939997732425	70277.8610465856	1872
splice region variant	RARE	unknown	24	0	0	0	23	26.517000049352678	123.76844865816908	6
splice region variant	SINGLETON	CpG	18285	18285	26677.432	51403.414026	18269	-2800.5270029276135	170175.84125041554	2494
splice region variant	SINGLETON	non-CpG-ti	279049	279049	39071.287	7126.673185	278751	264198.4297367654	1862471.0433532814	54058
splice region variant	SINGLETON	non-CpG-tv	180503	180503	9834.643	979.394345	180229	128719.9688730922	1038678.5139063189	28970
splice region variant	SINGLETON	unknown	63	0	0	0	62	22.594000343233382	120.4469692312129	2
splice region variant	ULTRARARE	CpG	47823	47823	91841.186	198464.93273600002	47771	-37725.83801850049	453468.3226932237	4131
splice region variant	ULTRARARE	non-CpG-ti	178073	178073	26847.793999999998	5534.355374	177855	137699.63088825243	1064142.64105203	30907
splice region variant	ULTRARARE	non-CpG-tv	101374	101374	6286.098	852.422376	101197	59756.4329349514	539586.2007314505	14533
splice region variant	ULTRARARE	unknown	62	0	0	0	62	17.580000102519993	235.62315040720117	6
start lost	COMMON	CpG	2	2	4.374	10.011506	2	0.6810000166296959	0.33539302068126264	0
start lost	COMMON	non-CpG-ti	177	177	41.684	15.480958000000001	177	88.75400060019466	1845.3168247391789	37
start lost	COMMON	non-CpG-tv	67	67	2.808	0.190278	67	16.75900087878107	500.7755596130712	9
start lost	LOW_FREQ	non-CpG-ti	258	258	63.829	24.132583	258	361.85200302139856	3152.7559772120353	84
start lost	LOW_FREQ	non-CpG-tv	96	96	3.794	0.172706	96	211.93199951760477	1391.8800406374266	35
start lost	RARE	non-CpG-ti	800	800	221.059	98.953237	798	1706.6450009478717	12068.123078152588	345
start lost	RARE	non-CpG-tv	275	275	11.119	0.562187	275	559.5989968106151	4423.509627481965	118
start lost	SINGLETON	CpG	2	2	2.719	5.476865	2	9.71799969673156	49.80529689235689	2
start lost	SINGLETON	non-CpG-ti	9675	9675	2070.087	620.970115	9665	33297.537984121955	227169.7626097698	5807
start lost	SINGLETON	non-CpG-tv	4803	4803	193.99099999999999	10.001205	4797	16165.645987509752	109129.16534603752	2876
start lost	SINGLETON	unknown	1	0	0	0	1	3.50999999046326	12.3200999330521	1
start lost	ULTRARARE	CpG	9	9	18.981	47.307881	9	20.417000353336338	147.36202343681245	5
start lost	ULTRARARE	non-CpG-ti	6356	6356	1612.885	620.076345	6348	18513.16699040123	128371.15579724625	3474
start lost	ULTRARARE	non-CpG-tv	2462	2462	102.225	5.555883	2459	7370.271998445154	50804.833488021075	1369
stop gained	COMMON	CpG	208	208	373.596	751.949726	208	-195.46499868901435	2790.093044053144	25
stop gained	COMMON	non-CpG-ti	287	287	37.702	5.439166	287	360.1999992006459	2904.660452011011	72
stop gained	COMMON	non-CpG-tv	276	276	14.851	1.463107	275	210.9079978659285	2368.5895247000044	52
stop gained	LOW_FREQ	CpG	477	477	922.733	1932.7799949999999	476	271.7950012043585	6361.5381719450525	126
stop gained	LOW_FREQ	non-CpG-ti	596	596	80.017	11.944999	594	1392.7379970817128	9940.19392536163	221
stop gained	LOW_FREQ	non-CpG-tv	438	438	23.206	2.633696	438	668.9129973747768	4380.285681581825	126
stop gained	LOW_FREQ	unknown	1	0	0	0	1	0.769999980926514	0.592899970626831	0
stop gained	RARE	CpG	1997	1997	3998.637	8504.914779	1996	2431.249993896228	26944.2175040072	692
stop gained	RARE	non-CpG-ti	1904	1904	251.507	36.473903	1899	5819.3519898289815	40625.57707342812	918
stop gained	RARE	non-CpG-tv	1608	1608	92.58	14.342126	1597	2828.5859943412925	21643.24532693161	546
stop gained	RARE	unknown	31	0	0	0	31	10.435000155121097	215.476109243427	7
stop gained	SINGLETON	CpG	12463	12463	23473.276	47702.643806	12459	45398.39390750719	277739.49434972624	8615
stop gained	SINGLETON	non-CpG-ti	37762	37762	4895.835	689.668473	37726	182908.66623779022	1386824.4796270523	25739
stop gained	SINGLETON	non-CpG-tv	36506	36506	1832.49	170.027636	36418	107614.42773488503	838976.1195893704	18291
stop gained	SINGLETON	unknown	57	0	0	0	57	71.86700016260151	341.90458030730497	14
stop gained	ULTRARARE	CpG	17951	17951	35231.7	73089.874974	17944	45405.42895629875	316148.2949975142	9627
stop gained	ULTRARARE	non-CpG-ti	17200	17200	2256.73	324.08326	17174	68729.55880539202	501799.8374441669	10138
stop gained	ULTRARARE	non-CpG-tv	15418	15418	852.395	99.355881	15365	36493.587926075576	286761.6684433309	6620
stop gained	ULTRARARE	unknown	84	0	0	0	84	98.4940021988004	554.6895949566091	21
stop lost	COMMON	non-CpG-ti	104	104	12.091	2.024367	104	-17.22799940872937	815.6991867631515	19
stop lost	COMMON	non-CpG-tv	88	88	4.911	2.4273089999999997	88	5.340000564232432	284.8368242556958	5
stop lost	LOW_FREQ	non-CpG-ti	100	100	12.36	2.518848	100	71.95000019250445	857.58070469541	23
stop lost	LOW_FREQ	non-CpG-tv	97	97	7.077	5.701629	97	96.81199970189488	568.065675042139	25
stop lost	RARE	non-CpG-ti	292	292	34.793	6.526275	292	318.4329978972673	2769.621647611446	84
stop lost	RARE	non-CpG-tv	290	290	12.744	5.0938799999999995	289	401.0920032123105	2819.4022325932633	86
stop lost	RARE	unknown	1	0	0	0	1	5.50400018692017	30.2940180576172	1
stop lost	SINGLETON	non-CpG-ti	3525	3525	397.319	70.918967	3522	6222.616006356199	43891.326613594174	1332
stop lost	SINGLETON	non-CpG-tv	4092	4092	152.438	11.092713999999999	4091	8036.697003416136	51390.03217093985	1519
stop lost	SINGLETON	unknown	2	0	0	0	2	-6.04400014877319	18.2649688991852	0
stop lost	ULTRARARE	CpG	1	1	1.772	3.139984	1	-2.1010000705719	4.41420129654313	0
stop lost	ULTRARARE	non-CpG-ti	1944	1944	249.916	54.229504	1942	2652.8460013869917	21144.425200822236	624
stop lost	ULTRARARE	non-CpG-tv	2014	2014	81.5	12.400258000000001	2013	3225.9699995419946	21902.29471376587	653
stop lost	ULTRARARE	unknown	5	0	0	0	5	-11.426999837160105	30.75318413746601	0
stop retained variant	COMMON	non-CpG-ti	69	69	7.6049999999999995	1.010369	69	80.83799983363134	574.4135678186416	18
stop retained variant	LOW_FREQ	non-CpG-ti	75	75	7.609	0.883995	75	92.62300012470226	490.68579813635483	17
stop retained variant	RARE	non-CpG-ti	214	214	22.357	2.718445	214	278.6509978192625	1566.0076258128188	55
stop retained variant	SINGLETON	non-CpG-ti	2278	2278	240.748	29.62539	2277	4221.474991008755	23844.160420791464	770
stop retained variant	SINGLETON	unknown	1	0	0	0	1	0.068000003695488	0.00462400050258638	0
stop retained variant	ULTRARARE	non-CpG-ti	1407	1407	152.248	19.449676	1406	2541.4499992991337	14190.559215360932	465
synonymous variant	COMMON	CpG	12474	12474	22643.827	47158.721195	12466	-46994.38100005257	389473.2145865186	257
synonymous variant	COMMON	non-CpG-ti	22525	22525	3075.448	590.777654	22497	-3161.0870037355935	264256.7488664458	4190
synonymous variant	COMMON	non-CpG-tv	7039	7039	463.06600000000003	55.316268	7034	-5118.021999369842	97562.66823514883	915
synonymous variant	COMMON	unknown	52	0	0	0	52	-41.868000245653114	855.9205918931134	4
synonymous variant	LOW_FREQ	CpG	19316	19316	38239.91	83308.501592	19305	-72134.13901040694	608914.1280213624	516
synonymous variant	LOW_FREQ	non-CpG-ti	25827	25827	3736.404	736.15189	25794	15038.544011259806	233948.3680230656	6052
synonymous variant	LOW_FREQ	non-CpG-tv	9000	9000	623.336	78.045282	8987	-4711.766998638168	115689.78763580672	1343
synonymous variant	LOW_FREQ	unknown	23	0	0	0	23	-4.66399971395731	179.41805799982367	4
synonymous variant	RARE	CpG	58402	58402	115853.555	251455.269585	58350	-219324.41400018017	1890391.9655533263	1726
synonymous variant	RARE	non-CpG-ti	65047	65047	9481.306	1870.023438	64979	44349.98296066454	574717.5275125758	15862
synonymous variant	RARE	non-CpG-tv	23064	23064	1632.919	220.972547	23037	-9687.46601905301	309299.72102675406	3752
synonymous variant	RARE	unknown	144	0	0	0	144	-83.52999996393915	1015.0363323290343	5
synonymous variant	SINGLETON	CpG	102861	102861	154269.392	295393.195002	102838	-252904.3940488145	2380806.1272159307	7128
synonymous variant	SINGLETON	non-CpG-ti	653270	653270	88374.353	15054.773215000001	652796	585310.9546816698	5819479.15041139	174202
synonymous variant	SINGLETON	non-CpG-tv	261495	261495	16526.339	1809.858199	261278	-44326.52619244817	3233486.2179975356	46463
synonymous variant	SINGLETON	unknown	238	0	0	0	238	47.598998395725964	1407.9799829854076	23
synonymous variant	ULTRARARE	CpG	266133	266133	503323.391	1060256.985595	266019	-924625.3070095303	8000328.473983945	10403
synonymous variant	ULTRARARE	non-CpG-ti	423857	423857	61171.326	11720.018774	423496	327840.87876152835	3750666.3840185	107129
synonymous variant	ULTRARARE	non-CpG-tv	151952	151952	10570.949	1337.202599	151805	-44496.586998794	1954803.7644775847	25753
synonymous variant	ULTRARARE	unknown	647	0	0	0	647	54.23199960496271	2694.0908605981826	51
upstream gene variant	COMMON	CpG	87544	87544	163565.547	352994.365121	87184	-81145.55796571448	254960.647284716	520
upstream gene variant	COMMON	non-CpG-ti	288068	288068	41864.67	8289.44316	287135	-93723.6149463932	494155.06534462096	3992
upstream gene variant	COMMON	non-CpG-tv	184322	184322	13482.487	4957.957959	183491	-57483.39094749316	310980.1212409553	2632
upstream gene variant	COMMON	unknown	600	0	0	0	581	-387.65400011744356	1771.841600400217	6
upstream gene variant	LOW_FREQ	CpG	111426	111426	232236.125	531311.009939	110833	-99605.97694346285	328302.32015963184	875
upstream gene variant	LOW_FREQ	non-CpG-ti	301246	301246	45759.396	9376.129278	300092	-28736.812949603554	432478.5345343981	6004
upstream gene variant	LOW_FREQ	non-CpG-tv	198830	198830	14507.029	4230.428761	197847	-27198.96495108715	317046.303038069	4034
upstream gene variant	LOW_FREQ	unknown	752	0	0	0	698	-323.95300067972846	1257.598650570693	2
upstream gene variant	RARE	CpG	320989	320989	671299.833	1536551.915965	319421	-282525.08284948097	938083.074425392	2983
upstream gene variant	RARE	non-CpG-ti	726298	726298	111589.336	23240.196898000002	723671	-52208.818852834906	1077897.9813606043	15546
upstream gene variant	RARE	non-CpG-tv	484518	484518	35009.868	9091.923014	481948	-48820.53191013658	782512.0657969172	10981
upstream gene variant	RARE	unknown	3987	0	0	0	3886	-1549.8960062064048	8588.347417856014	80
upstream gene variant	SINGLETON	CpG	390465	390465	605629.673	1174752.073595	389551	-233551.65887887316	1193201.6441173188	11788
upstream gene variant	SINGLETON	non-CpG-ti	6735097	6735097	960237.465	177429.841737	6717546	97905.3872411986	8764488.045205995	161800
upstream gene variant	SINGLETON	non-CpG-tv	5041359	5041359	291343.006	30816.977286	5024110	-40065.0960432214	7358336.534732496	130118
upstream gene variant	SINGLETON	unknown	7523	0	0	0	7366	-1996.2350007919622	9134.493844961447	45
upstream gene variant	ULTRARARE	CpG	1216360	1216360	2378698.192	5181262.588506	1212588	-990691.2444490207	3502743.1651267195	15515
upstream gene variant	ULTRARARE	non-CpG-ti	4468970	4468970	683933.851	140138.022787	4454961	-147113.66031061191	6228016.203478284	102259
upstream gene variant	ULTRARARE	non-CpG-tv	2964302	2964302	193546.89299999998	29108.021679	2951598	-140811.65140811633	4603937.6609100625	73997
upstream gene variant	ULTRARARE	unknown	13047	0	0	0	12848	-4329.425004020448	24658.03983138936	235
