skew_type	skew_bin	ccre_class	af_class	n
HepG2_skew	(-Inf,-1.5)	Other cCREs	COMMON	23
HepG2_skew	(-Inf,-1.5)	Other cCREs	LOW_FREQ	28
HepG2_skew	(-Inf,-1.5)	Other cCREs	RARE	52
HepG2_skew	(-Inf,-1.5)	Other cCREs	SINGLETON	417
HepG2_skew	(-Inf,-1.5)	Other cCREs	ULTRARARE	296
HepG2_skew	(-Inf,-1.5)	PLS	COMMON	5
HepG2_skew	(-Inf,-1.5)	PLS	LOW_FREQ	3
HepG2_skew	(-Inf,-1.5)	PLS	RARE	11
HepG2_skew	(-Inf,-1.5)	PLS	SINGLETON	174
HepG2_skew	(-Inf,-1.5)	PLS	ULTRARARE	77
HepG2_skew	(-Inf,-1.5)	dELS	COMMON	57
HepG2_skew	(-Inf,-1.5)	dELS	LOW_FREQ	72
HepG2_skew	(-Inf,-1.5)	dELS	RARE	168
HepG2_skew	(-Inf,-1.5)	dELS	SINGLETON	1649
HepG2_skew	(-Inf,-1.5)	dELS	ULTRARARE	981
HepG2_skew	(-Inf,-1.5)	non-cCRE	COMMON	80
HepG2_skew	(-Inf,-1.5)	non-cCRE	LOW_FREQ	77
HepG2_skew	(-Inf,-1.5)	non-cCRE	RARE	189
HepG2_skew	(-Inf,-1.5)	non-cCRE	SINGLETON	1827
HepG2_skew	(-Inf,-1.5)	non-cCRE	ULTRARARE	1074
HepG2_skew	(-Inf,-1.5)	pELS	COMMON	3
HepG2_skew	(-Inf,-1.5)	pELS	LOW_FREQ	11
HepG2_skew	(-Inf,-1.5)	pELS	RARE	29
HepG2_skew	(-Inf,-1.5)	pELS	SINGLETON	264
HepG2_skew	(-Inf,-1.5)	pELS	ULTRARARE	148
HepG2_skew	[-0.05,0.05)	Other cCREs	COMMON	121791
HepG2_skew	[-0.05,0.05)	Other cCREs	LOW_FREQ	100768
HepG2_skew	[-0.05,0.05)	Other cCREs	RARE	181244
HepG2_skew	[-0.05,0.05)	Other cCREs	SINGLETON	861795
HepG2_skew	[-0.05,0.05)	Other cCREs	ULTRARARE	643694
HepG2_skew	[-0.05,0.05)	PLS	COMMON	3999
HepG2_skew	[-0.05,0.05)	PLS	LOW_FREQ	3724
HepG2_skew	[-0.05,0.05)	PLS	RARE	7397
HepG2_skew	[-0.05,0.05)	PLS	SINGLETON	38284
HepG2_skew	[-0.05,0.05)	PLS	ULTRARARE	28270
HepG2_skew	[-0.05,0.05)	dELS	COMMON	222945
HepG2_skew	[-0.05,0.05)	dELS	LOW_FREQ	190432
HepG2_skew	[-0.05,0.05)	dELS	RARE	347910
HepG2_skew	[-0.05,0.05)	dELS	SINGLETON	1916605
HepG2_skew	[-0.05,0.05)	dELS	ULTRARARE	1353439
HepG2_skew	[-0.05,0.05)	non-cCRE	COMMON	1976680
HepG2_skew	[-0.05,0.05)	non-cCRE	LOW_FREQ	1718311
HepG2_skew	[-0.05,0.05)	non-cCRE	RARE	3106342
HepG2_skew	[-0.05,0.05)	non-cCRE	SINGLETON	14313297
HepG2_skew	[-0.05,0.05)	non-cCRE	ULTRARARE	10908106
HepG2_skew	[-0.05,0.05)	pELS	COMMON	35266
HepG2_skew	[-0.05,0.05)	pELS	LOW_FREQ	30184
HepG2_skew	[-0.05,0.05)	pELS	RARE	56041
HepG2_skew	[-0.05,0.05)	pELS	SINGLETON	295198
HepG2_skew	[-0.05,0.05)	pELS	ULTRARARE	214584
HepG2_skew	[-0.2,-0.05)	Other cCREs	COMMON	22365
HepG2_skew	[-0.2,-0.05)	Other cCREs	LOW_FREQ	23288
HepG2_skew	[-0.2,-0.05)	Other cCREs	RARE	44872
HepG2_skew	[-0.2,-0.05)	Other cCREs	SINGLETON	231920
HepG2_skew	[-0.2,-0.05)	Other cCREs	ULTRARARE	164536
HepG2_skew	[-0.2,-0.05)	PLS	COMMON	1388
HepG2_skew	[-0.2,-0.05)	PLS	LOW_FREQ	1665
HepG2_skew	[-0.2,-0.05)	PLS	RARE	3659
HepG2_skew	[-0.2,-0.05)	PLS	SINGLETON	20483
HepG2_skew	[-0.2,-0.05)	PLS	ULTRARARE	14755
HepG2_skew	[-0.2,-0.05)	dELS	COMMON	49122
HepG2_skew	[-0.2,-0.05)	dELS	LOW_FREQ	52333
HepG2_skew	[-0.2,-0.05)	dELS	RARE	104494
HepG2_skew	[-0.2,-0.05)	dELS	SINGLETON	610862
HepG2_skew	[-0.2,-0.05)	dELS	ULTRARARE	418574
HepG2_skew	[-0.2,-0.05)	non-cCRE	COMMON	300631
HepG2_skew	[-0.2,-0.05)	non-cCRE	LOW_FREQ	322038
HepG2_skew	[-0.2,-0.05)	non-cCRE	RARE	630348
HepG2_skew	[-0.2,-0.05)	non-cCRE	SINGLETON	2851762
HepG2_skew	[-0.2,-0.05)	non-cCRE	ULTRARARE	2149535
HepG2_skew	[-0.2,-0.05)	pELS	COMMON	8217
HepG2_skew	[-0.2,-0.05)	pELS	LOW_FREQ	8790
HepG2_skew	[-0.2,-0.05)	pELS	RARE	17811
HepG2_skew	[-0.2,-0.05)	pELS	SINGLETON	100083
HepG2_skew	[-0.2,-0.05)	pELS	ULTRARARE	69787
HepG2_skew	[-0.5,-0.2)	Other cCREs	COMMON	2029
HepG2_skew	[-0.5,-0.2)	Other cCREs	LOW_FREQ	2545
HepG2_skew	[-0.5,-0.2)	Other cCREs	RARE	5536
HepG2_skew	[-0.5,-0.2)	Other cCREs	SINGLETON	35547
HepG2_skew	[-0.5,-0.2)	Other cCREs	ULTRARARE	23608
HepG2_skew	[-0.5,-0.2)	PLS	COMMON	247
HepG2_skew	[-0.5,-0.2)	PLS	LOW_FREQ	375
HepG2_skew	[-0.5,-0.2)	PLS	RARE	906
HepG2_skew	[-0.5,-0.2)	PLS	SINGLETON	6487
HepG2_skew	[-0.5,-0.2)	PLS	ULTRARARE	4421
HepG2_skew	[-0.5,-0.2)	dELS	COMMON	5544
HepG2_skew	[-0.5,-0.2)	dELS	LOW_FREQ	6717
HepG2_skew	[-0.5,-0.2)	dELS	RARE	15332
HepG2_skew	[-0.5,-0.2)	dELS	SINGLETON	109916
HepG2_skew	[-0.5,-0.2)	dELS	ULTRARARE	69289
HepG2_skew	[-0.5,-0.2)	non-cCRE	COMMON	17857
HepG2_skew	[-0.5,-0.2)	non-cCRE	LOW_FREQ	23063
HepG2_skew	[-0.5,-0.2)	non-cCRE	RARE	51040
HepG2_skew	[-0.5,-0.2)	non-cCRE	SINGLETON	278554
HepG2_skew	[-0.5,-0.2)	non-cCRE	ULTRARARE	194023
HepG2_skew	[-0.5,-0.2)	pELS	COMMON	974
HepG2_skew	[-0.5,-0.2)	pELS	LOW_FREQ	1360
HepG2_skew	[-0.5,-0.2)	pELS	RARE	2806
HepG2_skew	[-0.5,-0.2)	pELS	SINGLETON	19992
HepG2_skew	[-0.5,-0.2)	pELS	ULTRARARE	12960
HepG2_skew	[-1.0,-0.5)	Other cCREs	COMMON	299
HepG2_skew	[-1.0,-0.5)	Other cCREs	LOW_FREQ	339
HepG2_skew	[-1.0,-0.5)	Other cCREs	RARE	852
HepG2_skew	[-1.0,-0.5)	Other cCREs	SINGLETON	6827
HepG2_skew	[-1.0,-0.5)	Other cCREs	ULTRARARE	4182
HepG2_skew	[-1.0,-0.5)	PLS	COMMON	34
HepG2_skew	[-1.0,-0.5)	PLS	LOW_FREQ	74
HepG2_skew	[-1.0,-0.5)	PLS	RARE	203
HepG2_skew	[-1.0,-0.5)	PLS	SINGLETON	1782
HepG2_skew	[-1.0,-0.5)	PLS	ULTRARARE	1098
HepG2_skew	[-1.0,-0.5)	dELS	COMMON	713
HepG2_skew	[-1.0,-0.5)	dELS	LOW_FREQ	1018
HepG2_skew	[-1.0,-0.5)	dELS	RARE	2438
HepG2_skew	[-1.0,-0.5)	dELS	SINGLETON	22609
HepG2_skew	[-1.0,-0.5)	dELS	ULTRARARE	13529
HepG2_skew	[-1.0,-0.5)	non-cCRE	COMMON	1314
HepG2_skew	[-1.0,-0.5)	non-cCRE	LOW_FREQ	1619
HepG2_skew	[-1.0,-0.5)	non-cCRE	RARE	3646
HepG2_skew	[-1.0,-0.5)	non-cCRE	SINGLETON	30585
HepG2_skew	[-1.0,-0.5)	non-cCRE	ULTRARARE	18725
HepG2_skew	[-1.0,-0.5)	pELS	COMMON	132
HepG2_skew	[-1.0,-0.5)	pELS	LOW_FREQ	191
HepG2_skew	[-1.0,-0.5)	pELS	RARE	432
HepG2_skew	[-1.0,-0.5)	pELS	SINGLETON	3979
HepG2_skew	[-1.0,-0.5)	pELS	ULTRARARE	2423
HepG2_skew	[-1.5,-1.0)	Other cCREs	COMMON	66
HepG2_skew	[-1.5,-1.0)	Other cCREs	LOW_FREQ	49
HepG2_skew	[-1.5,-1.0)	Other cCREs	RARE	144
HepG2_skew	[-1.5,-1.0)	Other cCREs	SINGLETON	1308
HepG2_skew	[-1.5,-1.0)	Other cCREs	ULTRARARE	817
HepG2_skew	[-1.5,-1.0)	PLS	COMMON	3
HepG2_skew	[-1.5,-1.0)	PLS	LOW_FREQ	9
HepG2_skew	[-1.5,-1.0)	PLS	RARE	39
HepG2_skew	[-1.5,-1.0)	PLS	SINGLETON	373
HepG2_skew	[-1.5,-1.0)	PLS	ULTRARARE	207
HepG2_skew	[-1.5,-1.0)	dELS	COMMON	159
HepG2_skew	[-1.5,-1.0)	dELS	LOW_FREQ	191
HepG2_skew	[-1.5,-1.0)	dELS	RARE	429
HepG2_skew	[-1.5,-1.0)	dELS	SINGLETON	4454
HepG2_skew	[-1.5,-1.0)	dELS	ULTRARARE	2776
HepG2_skew	[-1.5,-1.0)	non-cCRE	COMMON	223
HepG2_skew	[-1.5,-1.0)	non-cCRE	LOW_FREQ	258
HepG2_skew	[-1.5,-1.0)	non-cCRE	RARE	579
HepG2_skew	[-1.5,-1.0)	non-cCRE	SINGLETON	5401
HepG2_skew	[-1.5,-1.0)	non-cCRE	ULTRARARE	3209
HepG2_skew	[-1.5,-1.0)	pELS	COMMON	31
HepG2_skew	[-1.5,-1.0)	pELS	LOW_FREQ	37
HepG2_skew	[-1.5,-1.0)	pELS	RARE	91
HepG2_skew	[-1.5,-1.0)	pELS	SINGLETON	776
HepG2_skew	[-1.5,-1.0)	pELS	ULTRARARE	482
HepG2_skew	[0.05,0.2)	Other cCREs	COMMON	23732
HepG2_skew	[0.05,0.2)	Other cCREs	LOW_FREQ	24367
HepG2_skew	[0.05,0.2)	Other cCREs	RARE	46443
HepG2_skew	[0.05,0.2)	Other cCREs	SINGLETON	215155
HepG2_skew	[0.05,0.2)	Other cCREs	ULTRARARE	161665
HepG2_skew	[0.05,0.2)	PLS	COMMON	1433
HepG2_skew	[0.05,0.2)	PLS	LOW_FREQ	1590
HepG2_skew	[0.05,0.2)	PLS	RARE	3560
HepG2_skew	[0.05,0.2)	PLS	SINGLETON	18533
HepG2_skew	[0.05,0.2)	PLS	ULTRARARE	13972
HepG2_skew	[0.05,0.2)	dELS	COMMON	52054
HepG2_skew	[0.05,0.2)	dELS	LOW_FREQ	54286
HepG2_skew	[0.05,0.2)	dELS	RARE	104177
HepG2_skew	[0.05,0.2)	dELS	SINGLETON	559059
HepG2_skew	[0.05,0.2)	dELS	ULTRARARE	398661
HepG2_skew	[0.05,0.2)	non-cCRE	COMMON	316875
HepG2_skew	[0.05,0.2)	non-cCRE	LOW_FREQ	319438
HepG2_skew	[0.05,0.2)	non-cCRE	RARE	593350
HepG2_skew	[0.05,0.2)	non-cCRE	SINGLETON	2554555
HepG2_skew	[0.05,0.2)	non-cCRE	ULTRARARE	1950242
HepG2_skew	[0.05,0.2)	pELS	COMMON	8968
HepG2_skew	[0.05,0.2)	pELS	LOW_FREQ	9460
HepG2_skew	[0.05,0.2)	pELS	RARE	18681
HepG2_skew	[0.05,0.2)	pELS	SINGLETON	98865
HepG2_skew	[0.05,0.2)	pELS	ULTRARARE	71834
HepG2_skew	[0.2,0.5)	Other cCREs	COMMON	2095
HepG2_skew	[0.2,0.5)	Other cCREs	LOW_FREQ	2517
HepG2_skew	[0.2,0.5)	Other cCREs	RARE	5552
HepG2_skew	[0.2,0.5)	Other cCREs	SINGLETON	34245
HepG2_skew	[0.2,0.5)	Other cCREs	ULTRARARE	23063
HepG2_skew	[0.2,0.5)	PLS	COMMON	254
HepG2_skew	[0.2,0.5)	PLS	LOW_FREQ	305
HepG2_skew	[0.2,0.5)	PLS	RARE	855
HepG2_skew	[0.2,0.5)	PLS	SINGLETON	5097
HepG2_skew	[0.2,0.5)	PLS	ULTRARARE	3500
HepG2_skew	[0.2,0.5)	dELS	COMMON	5358
HepG2_skew	[0.2,0.5)	dELS	LOW_FREQ	6758
HepG2_skew	[0.2,0.5)	dELS	RARE	15244
HepG2_skew	[0.2,0.5)	dELS	SINGLETON	101572
HepG2_skew	[0.2,0.5)	dELS	ULTRARARE	66447
HepG2_skew	[0.2,0.5)	non-cCRE	COMMON	17592
HepG2_skew	[0.2,0.5)	non-cCRE	LOW_FREQ	21334
HepG2_skew	[0.2,0.5)	non-cCRE	RARE	47570
HepG2_skew	[0.2,0.5)	non-cCRE	SINGLETON	291649
HepG2_skew	[0.2,0.5)	non-cCRE	ULTRARARE	192264
HepG2_skew	[0.2,0.5)	pELS	COMMON	980
HepG2_skew	[0.2,0.5)	pELS	LOW_FREQ	1360
HepG2_skew	[0.2,0.5)	pELS	RARE	3030
HepG2_skew	[0.2,0.5)	pELS	SINGLETON	20116
HepG2_skew	[0.2,0.5)	pELS	ULTRARARE	13354
HepG2_skew	[0.5,1.0)	Other cCREs	COMMON	255
HepG2_skew	[0.5,1.0)	Other cCREs	LOW_FREQ	339
HepG2_skew	[0.5,1.0)	Other cCREs	RARE	870
HepG2_skew	[0.5,1.0)	Other cCREs	SINGLETON	5136
HepG2_skew	[0.5,1.0)	Other cCREs	ULTRARARE	3584
HepG2_skew	[0.5,1.0)	PLS	COMMON	30
HepG2_skew	[0.5,1.0)	PLS	LOW_FREQ	40
HepG2_skew	[0.5,1.0)	PLS	RARE	115
HepG2_skew	[0.5,1.0)	PLS	SINGLETON	931
HepG2_skew	[0.5,1.0)	PLS	ULTRARARE	585
HepG2_skew	[0.5,1.0)	dELS	COMMON	734
HepG2_skew	[0.5,1.0)	dELS	LOW_FREQ	1030
HepG2_skew	[0.5,1.0)	dELS	RARE	2424
HepG2_skew	[0.5,1.0)	dELS	SINGLETON	17069
HepG2_skew	[0.5,1.0)	dELS	ULTRARARE	10975
HepG2_skew	[0.5,1.0)	non-cCRE	COMMON	1627
HepG2_skew	[0.5,1.0)	non-cCRE	LOW_FREQ	2140
HepG2_skew	[0.5,1.0)	non-cCRE	RARE	5118
HepG2_skew	[0.5,1.0)	non-cCRE	SINGLETON	35589
HepG2_skew	[0.5,1.0)	non-cCRE	ULTRARARE	22463
HepG2_skew	[0.5,1.0)	pELS	COMMON	129
HepG2_skew	[0.5,1.0)	pELS	LOW_FREQ	169
HepG2_skew	[0.5,1.0)	pELS	RARE	526
HepG2_skew	[0.5,1.0)	pELS	SINGLETON	3601
HepG2_skew	[0.5,1.0)	pELS	ULTRARARE	2298
HepG2_skew	[1.0,1.5)	Other cCREs	COMMON	40
HepG2_skew	[1.0,1.5)	Other cCREs	LOW_FREQ	69
HepG2_skew	[1.0,1.5)	Other cCREs	RARE	151
HepG2_skew	[1.0,1.5)	Other cCREs	SINGLETON	844
HepG2_skew	[1.0,1.5)	Other cCREs	ULTRARARE	582
HepG2_skew	[1.0,1.5)	PLS	COMMON	5
HepG2_skew	[1.0,1.5)	PLS	LOW_FREQ	5
HepG2_skew	[1.0,1.5)	PLS	RARE	21
HepG2_skew	[1.0,1.5)	PLS	SINGLETON	122
HepG2_skew	[1.0,1.5)	PLS	ULTRARARE	74
HepG2_skew	[1.0,1.5)	dELS	COMMON	161
HepG2_skew	[1.0,1.5)	dELS	LOW_FREQ	210
HepG2_skew	[1.0,1.5)	dELS	RARE	508
HepG2_skew	[1.0,1.5)	dELS	SINGLETON	2835
HepG2_skew	[1.0,1.5)	dELS	ULTRARARE	1934
HepG2_skew	[1.0,1.5)	non-cCRE	COMMON	275
HepG2_skew	[1.0,1.5)	non-cCRE	LOW_FREQ	376
HepG2_skew	[1.0,1.5)	non-cCRE	RARE	892
HepG2_skew	[1.0,1.5)	non-cCRE	SINGLETON	5306
HepG2_skew	[1.0,1.5)	non-cCRE	ULTRARARE	3515
HepG2_skew	[1.0,1.5)	pELS	COMMON	21
HepG2_skew	[1.0,1.5)	pELS	LOW_FREQ	41
HepG2_skew	[1.0,1.5)	pELS	RARE	94
HepG2_skew	[1.0,1.5)	pELS	SINGLETON	655
HepG2_skew	[1.0,1.5)	pELS	ULTRARARE	387
HepG2_skew	[1.5,Inf)	Other cCREs	COMMON	8
HepG2_skew	[1.5,Inf)	Other cCREs	LOW_FREQ	15
HepG2_skew	[1.5,Inf)	Other cCREs	RARE	40
HepG2_skew	[1.5,Inf)	Other cCREs	SINGLETON	221
HepG2_skew	[1.5,Inf)	Other cCREs	ULTRARARE	145
HepG2_skew	[1.5,Inf)	PLS	LOW_FREQ	1
HepG2_skew	[1.5,Inf)	PLS	RARE	2
HepG2_skew	[1.5,Inf)	PLS	SINGLETON	36
HepG2_skew	[1.5,Inf)	PLS	ULTRARARE	19
HepG2_skew	[1.5,Inf)	dELS	COMMON	26
HepG2_skew	[1.5,Inf)	dELS	LOW_FREQ	41
HepG2_skew	[1.5,Inf)	dELS	RARE	117
HepG2_skew	[1.5,Inf)	dELS	SINGLETON	880
HepG2_skew	[1.5,Inf)	dELS	ULTRARARE	563
HepG2_skew	[1.5,Inf)	non-cCRE	COMMON	82
HepG2_skew	[1.5,Inf)	non-cCRE	LOW_FREQ	114
HepG2_skew	[1.5,Inf)	non-cCRE	RARE	301
HepG2_skew	[1.5,Inf)	non-cCRE	SINGLETON	1673
HepG2_skew	[1.5,Inf)	non-cCRE	ULTRARARE	1173
HepG2_skew	[1.5,Inf)	pELS	COMMON	4
HepG2_skew	[1.5,Inf)	pELS	LOW_FREQ	11
HepG2_skew	[1.5,Inf)	pELS	RARE	20
HepG2_skew	[1.5,Inf)	pELS	SINGLETON	161
HepG2_skew	[1.5,Inf)	pELS	ULTRARARE	113
K562_skew	(-Inf,-1.5)	Other cCREs	COMMON	45
K562_skew	(-Inf,-1.5)	Other cCREs	LOW_FREQ	44
K562_skew	(-Inf,-1.5)	Other cCREs	RARE	111
K562_skew	(-Inf,-1.5)	Other cCREs	SINGLETON	1021
K562_skew	(-Inf,-1.5)	Other cCREs	ULTRARARE	622
K562_skew	(-Inf,-1.5)	PLS	COMMON	7
K562_skew	(-Inf,-1.5)	PLS	LOW_FREQ	8
K562_skew	(-Inf,-1.5)	PLS	RARE	44
K562_skew	(-Inf,-1.5)	PLS	SINGLETON	437
K562_skew	(-Inf,-1.5)	PLS	ULTRARARE	244
K562_skew	(-Inf,-1.5)	dELS	COMMON	107
K562_skew	(-Inf,-1.5)	dELS	LOW_FREQ	139
K562_skew	(-Inf,-1.5)	dELS	RARE	328
K562_skew	(-Inf,-1.5)	dELS	SINGLETON	3260
K562_skew	(-Inf,-1.5)	dELS	ULTRARARE	1922
K562_skew	(-Inf,-1.5)	non-cCRE	COMMON	136
K562_skew	(-Inf,-1.5)	non-cCRE	LOW_FREQ	143
K562_skew	(-Inf,-1.5)	non-cCRE	RARE	328
K562_skew	(-Inf,-1.5)	non-cCRE	SINGLETON	3368
K562_skew	(-Inf,-1.5)	non-cCRE	ULTRARARE	1913
K562_skew	(-Inf,-1.5)	pELS	COMMON	14
K562_skew	(-Inf,-1.5)	pELS	LOW_FREQ	23
K562_skew	(-Inf,-1.5)	pELS	RARE	60
K562_skew	(-Inf,-1.5)	pELS	SINGLETON	619
K562_skew	(-Inf,-1.5)	pELS	ULTRARARE	366
K562_skew	[-0.05,0.05)	Other cCREs	COMMON	117825
K562_skew	[-0.05,0.05)	Other cCREs	LOW_FREQ	97449
K562_skew	[-0.05,0.05)	Other cCREs	RARE	177740
K562_skew	[-0.05,0.05)	Other cCREs	SINGLETON	871343
K562_skew	[-0.05,0.05)	Other cCREs	ULTRARARE	645807
K562_skew	[-0.05,0.05)	PLS	COMMON	3713
K562_skew	[-0.05,0.05)	PLS	LOW_FREQ	3344
K562_skew	[-0.05,0.05)	PLS	RARE	6573
K562_skew	[-0.05,0.05)	PLS	SINGLETON	36083
K562_skew	[-0.05,0.05)	PLS	ULTRARARE	25874
K562_skew	[-0.05,0.05)	dELS	COMMON	218857
K562_skew	[-0.05,0.05)	dELS	LOW_FREQ	186330
K562_skew	[-0.05,0.05)	dELS	RARE	343856
K562_skew	[-0.05,0.05)	dELS	SINGLETON	1976537
K562_skew	[-0.05,0.05)	dELS	ULTRARARE	1380740
K562_skew	[-0.05,0.05)	non-cCRE	COMMON	1929585
K562_skew	[-0.05,0.05)	non-cCRE	LOW_FREQ	1672045
K562_skew	[-0.05,0.05)	non-cCRE	RARE	3042135
K562_skew	[-0.05,0.05)	non-cCRE	SINGLETON	14283721
K562_skew	[-0.05,0.05)	non-cCRE	ULTRARARE	10817601
K562_skew	[-0.05,0.05)	pELS	COMMON	34282
K562_skew	[-0.05,0.05)	pELS	LOW_FREQ	29263
K562_skew	[-0.05,0.05)	pELS	RARE	54882
K562_skew	[-0.05,0.05)	pELS	SINGLETON	300965
K562_skew	[-0.05,0.05)	pELS	ULTRARARE	215891
K562_skew	[-0.2,-0.05)	Other cCREs	COMMON	23858
K562_skew	[-0.2,-0.05)	Other cCREs	LOW_FREQ	23799
K562_skew	[-0.2,-0.05)	Other cCREs	RARE	45330
K562_skew	[-0.2,-0.05)	Other cCREs	SINGLETON	219193
K562_skew	[-0.2,-0.05)	Other cCREs	ULTRARARE	160830
K562_skew	[-0.2,-0.05)	PLS	COMMON	1373
K562_skew	[-0.2,-0.05)	PLS	LOW_FREQ	1568
K562_skew	[-0.2,-0.05)	PLS	RARE	3340
K562_skew	[-0.2,-0.05)	PLS	SINGLETON	18086
K562_skew	[-0.2,-0.05)	PLS	ULTRARARE	13370
K562_skew	[-0.2,-0.05)	dELS	COMMON	49533
K562_skew	[-0.2,-0.05)	dELS	LOW_FREQ	51018
K562_skew	[-0.2,-0.05)	dELS	RARE	101566
K562_skew	[-0.2,-0.05)	dELS	SINGLETON	558894
K562_skew	[-0.2,-0.05)	dELS	ULTRARARE	394141
K562_skew	[-0.2,-0.05)	non-cCRE	COMMON	316582
K562_skew	[-0.2,-0.05)	non-cCRE	LOW_FREQ	324852
K562_skew	[-0.2,-0.05)	non-cCRE	RARE	632971
K562_skew	[-0.2,-0.05)	non-cCRE	SINGLETON	2787881
K562_skew	[-0.2,-0.05)	non-cCRE	ULTRARARE	2160664
K562_skew	[-0.2,-0.05)	pELS	COMMON	8291
K562_skew	[-0.2,-0.05)	pELS	LOW_FREQ	8613
K562_skew	[-0.2,-0.05)	pELS	RARE	17258
K562_skew	[-0.2,-0.05)	pELS	SINGLETON	92383
K562_skew	[-0.2,-0.05)	pELS	ULTRARARE	66681
K562_skew	[-0.5,-0.2)	Other cCREs	COMMON	2651
K562_skew	[-0.5,-0.2)	Other cCREs	LOW_FREQ	3257
K562_skew	[-0.5,-0.2)	Other cCREs	RARE	7159
K562_skew	[-0.5,-0.2)	Other cCREs	SINGLETON	41828
K562_skew	[-0.5,-0.2)	Other cCREs	ULTRARARE	28224
K562_skew	[-0.5,-0.2)	PLS	COMMON	335
K562_skew	[-0.5,-0.2)	PLS	LOW_FREQ	519
K562_skew	[-0.5,-0.2)	PLS	RARE	1210
K562_skew	[-0.5,-0.2)	PLS	SINGLETON	7713
K562_skew	[-0.5,-0.2)	PLS	ULTRARARE	5310
K562_skew	[-0.5,-0.2)	dELS	COMMON	6835
K562_skew	[-0.5,-0.2)	dELS	LOW_FREQ	8369
K562_skew	[-0.5,-0.2)	dELS	RARE	18727
K562_skew	[-0.5,-0.2)	dELS	SINGLETON	119212
K562_skew	[-0.5,-0.2)	dELS	ULTRARARE	80035
K562_skew	[-0.5,-0.2)	non-cCRE	COMMON	24141
K562_skew	[-0.5,-0.2)	non-cCRE	LOW_FREQ	31359
K562_skew	[-0.5,-0.2)	non-cCRE	RARE	68770
K562_skew	[-0.5,-0.2)	non-cCRE	SINGLETON	365162
K562_skew	[-0.5,-0.2)	non-cCRE	ULTRARARE	258443
K562_skew	[-0.5,-0.2)	pELS	COMMON	1241
K562_skew	[-0.5,-0.2)	pELS	LOW_FREQ	1647
K562_skew	[-0.5,-0.2)	pELS	RARE	3652
K562_skew	[-0.5,-0.2)	pELS	SINGLETON	22842
K562_skew	[-0.5,-0.2)	pELS	ULTRARARE	15468
K562_skew	[-1.0,-0.5)	Other cCREs	COMMON	420
K562_skew	[-1.0,-0.5)	Other cCREs	LOW_FREQ	523
K562_skew	[-1.0,-0.5)	Other cCREs	RARE	1241
K562_skew	[-1.0,-0.5)	Other cCREs	SINGLETON	9502
K562_skew	[-1.0,-0.5)	Other cCREs	ULTRARARE	5992
K562_skew	[-1.0,-0.5)	PLS	COMMON	80
K562_skew	[-1.0,-0.5)	PLS	LOW_FREQ	135
K562_skew	[-1.0,-0.5)	PLS	RARE	369
K562_skew	[-1.0,-0.5)	PLS	SINGLETON	2816
K562_skew	[-1.0,-0.5)	PLS	ULTRARARE	1814
K562_skew	[-1.0,-0.5)	dELS	COMMON	1142
K562_skew	[-1.0,-0.5)	dELS	LOW_FREQ	1440
K562_skew	[-1.0,-0.5)	dELS	RARE	3469
K562_skew	[-1.0,-0.5)	dELS	SINGLETON	29392
K562_skew	[-1.0,-0.5)	dELS	ULTRARARE	18034
K562_skew	[-1.0,-0.5)	non-cCRE	COMMON	2367
K562_skew	[-1.0,-0.5)	non-cCRE	LOW_FREQ	2992
K562_skew	[-1.0,-0.5)	non-cCRE	RARE	6695
K562_skew	[-1.0,-0.5)	non-cCRE	SINGLETON	51839
K562_skew	[-1.0,-0.5)	non-cCRE	ULTRARARE	32456
K562_skew	[-1.0,-0.5)	pELS	COMMON	197
K562_skew	[-1.0,-0.5)	pELS	LOW_FREQ	294
K562_skew	[-1.0,-0.5)	pELS	RARE	729
K562_skew	[-1.0,-0.5)	pELS	SINGLETON	5778
K562_skew	[-1.0,-0.5)	pELS	ULTRARARE	3654
K562_skew	[-1.5,-1.0)	Other cCREs	COMMON	89
K562_skew	[-1.5,-1.0)	Other cCREs	LOW_FREQ	102
K562_skew	[-1.5,-1.0)	Other cCREs	RARE	263
K562_skew	[-1.5,-1.0)	Other cCREs	SINGLETON	2186
K562_skew	[-1.5,-1.0)	Other cCREs	ULTRARARE	1334
K562_skew	[-1.5,-1.0)	PLS	COMMON	12
K562_skew	[-1.5,-1.0)	PLS	LOW_FREQ	27
K562_skew	[-1.5,-1.0)	PLS	RARE	89
K562_skew	[-1.5,-1.0)	PLS	SINGLETON	806
K562_skew	[-1.5,-1.0)	PLS	ULTRARARE	490
K562_skew	[-1.5,-1.0)	dELS	COMMON	222
K562_skew	[-1.5,-1.0)	dELS	LOW_FREQ	302
K562_skew	[-1.5,-1.0)	dELS	RARE	724
K562_skew	[-1.5,-1.0)	dELS	SINGLETON	7122
K562_skew	[-1.5,-1.0)	dELS	ULTRARARE	4345
K562_skew	[-1.5,-1.0)	non-cCRE	COMMON	311
K562_skew	[-1.5,-1.0)	non-cCRE	LOW_FREQ	387
K562_skew	[-1.5,-1.0)	non-cCRE	RARE	873
K562_skew	[-1.5,-1.0)	non-cCRE	SINGLETON	7322
K562_skew	[-1.5,-1.0)	non-cCRE	ULTRARARE	4533
K562_skew	[-1.5,-1.0)	pELS	COMMON	52
K562_skew	[-1.5,-1.0)	pELS	LOW_FREQ	61
K562_skew	[-1.5,-1.0)	pELS	RARE	155
K562_skew	[-1.5,-1.0)	pELS	SINGLETON	1429
K562_skew	[-1.5,-1.0)	pELS	ULTRARARE	882
K562_skew	[0.05,0.2)	Other cCREs	COMMON	24722
K562_skew	[0.05,0.2)	Other cCREs	LOW_FREQ	25144
K562_skew	[0.05,0.2)	Other cCREs	RARE	45347
K562_skew	[0.05,0.2)	Other cCREs	SINGLETON	201329
K562_skew	[0.05,0.2)	Other cCREs	ULTRARARE	151529
K562_skew	[0.05,0.2)	PLS	COMMON	1425
K562_skew	[0.05,0.2)	PLS	LOW_FREQ	1588
K562_skew	[0.05,0.2)	PLS	RARE	3496
K562_skew	[0.05,0.2)	PLS	SINGLETON	17556
K562_skew	[0.05,0.2)	PLS	ULTRARARE	13448
K562_skew	[0.05,0.2)	dELS	COMMON	51938
K562_skew	[0.05,0.2)	dELS	LOW_FREQ	54280
K562_skew	[0.05,0.2)	dELS	RARE	100958
K562_skew	[0.05,0.2)	dELS	SINGLETON	512883
K562_skew	[0.05,0.2)	dELS	ULTRARARE	364761
K562_skew	[0.05,0.2)	non-cCRE	COMMON	333466
K562_skew	[0.05,0.2)	non-cCRE	LOW_FREQ	342155
K562_skew	[0.05,0.2)	non-cCRE	RARE	614875
K562_skew	[0.05,0.2)	non-cCRE	SINGLETON	2475946
K562_skew	[0.05,0.2)	non-cCRE	ULTRARARE	1902774
K562_skew	[0.05,0.2)	pELS	COMMON	9044
K562_skew	[0.05,0.2)	pELS	LOW_FREQ	9454
K562_skew	[0.05,0.2)	pELS	RARE	17890
K562_skew	[0.05,0.2)	pELS	SINGLETON	90296
K562_skew	[0.05,0.2)	pELS	ULTRARARE	65614
K562_skew	[0.2,0.5)	Other cCREs	COMMON	2625
K562_skew	[0.2,0.5)	Other cCREs	LOW_FREQ	3353
K562_skew	[0.2,0.5)	Other cCREs	RARE	6992
K562_skew	[0.2,0.5)	Other cCREs	SINGLETON	37397
K562_skew	[0.2,0.5)	Other cCREs	ULTRARARE	25539
K562_skew	[0.2,0.5)	PLS	COMMON	360
K562_skew	[0.2,0.5)	PLS	LOW_FREQ	477
K562_skew	[0.2,0.5)	PLS	RARE	1282
K562_skew	[0.2,0.5)	PLS	SINGLETON	6495
K562_skew	[0.2,0.5)	PLS	ULTRARARE	4845
K562_skew	[0.2,0.5)	dELS	COMMON	6869
K562_skew	[0.2,0.5)	dELS	LOW_FREQ	9297
K562_skew	[0.2,0.5)	dELS	RARE	18982
K562_skew	[0.2,0.5)	dELS	SINGLETON	109064
K562_skew	[0.2,0.5)	dELS	ULTRARARE	73102
K562_skew	[0.2,0.5)	non-cCRE	COMMON	23764
K562_skew	[0.2,0.5)	non-cCRE	LOW_FREQ	30889
K562_skew	[0.2,0.5)	non-cCRE	RARE	63261
K562_skew	[0.2,0.5)	non-cCRE	SINGLETON	330994
K562_skew	[0.2,0.5)	non-cCRE	ULTRARARE	225481
K562_skew	[0.2,0.5)	pELS	COMMON	1328
K562_skew	[0.2,0.5)	pELS	LOW_FREQ	1845
K562_skew	[0.2,0.5)	pELS	RARE	3868
K562_skew	[0.2,0.5)	pELS	SINGLETON	22207
K562_skew	[0.2,0.5)	pELS	ULTRARARE	15213
K562_skew	[0.5,1.0)	Other cCREs	COMMON	371
K562_skew	[0.5,1.0)	Other cCREs	LOW_FREQ	512
K562_skew	[0.5,1.0)	Other cCREs	RARE	1268
K562_skew	[0.5,1.0)	Other cCREs	SINGLETON	7720
K562_skew	[0.5,1.0)	Other cCREs	ULTRARARE	4999
K562_skew	[0.5,1.0)	PLS	COMMON	79
K562_skew	[0.5,1.0)	PLS	LOW_FREQ	104
K562_skew	[0.5,1.0)	PLS	RARE	297
K562_skew	[0.5,1.0)	PLS	SINGLETON	1845
K562_skew	[0.5,1.0)	PLS	ULTRARARE	1297
K562_skew	[0.5,1.0)	dELS	COMMON	1051
K562_skew	[0.5,1.0)	dELS	LOW_FREQ	1514
K562_skew	[0.5,1.0)	dELS	RARE	3649
K562_skew	[0.5,1.0)	dELS	SINGLETON	24423
K562_skew	[0.5,1.0)	dELS	ULTRARARE	15733
K562_skew	[0.5,1.0)	non-cCRE	COMMON	2370
K562_skew	[0.5,1.0)	non-cCRE	LOW_FREQ	3301
K562_skew	[0.5,1.0)	non-cCRE	RARE	7804
K562_skew	[0.5,1.0)	non-cCRE	SINGLETON	52932
K562_skew	[0.5,1.0)	non-cCRE	ULTRARARE	33314
K562_skew	[0.5,1.0)	pELS	COMMON	220
K562_skew	[0.5,1.0)	pELS	LOW_FREQ	320
K562_skew	[0.5,1.0)	pELS	RARE	828
K562_skew	[0.5,1.0)	pELS	SINGLETON	5477
K562_skew	[0.5,1.0)	pELS	ULTRARARE	3571
K562_skew	[1.0,1.5)	Other cCREs	COMMON	73
K562_skew	[1.0,1.5)	Other cCREs	LOW_FREQ	102
K562_skew	[1.0,1.5)	Other cCREs	RARE	236
K562_skew	[1.0,1.5)	Other cCREs	SINGLETON	1406
K562_skew	[1.0,1.5)	Other cCREs	ULTRARARE	988
K562_skew	[1.0,1.5)	PLS	COMMON	11
K562_skew	[1.0,1.5)	PLS	LOW_FREQ	18
K562_skew	[1.0,1.5)	PLS	RARE	51
K562_skew	[1.0,1.5)	PLS	SINGLETON	369
K562_skew	[1.0,1.5)	PLS	ULTRARARE	224
K562_skew	[1.0,1.5)	dELS	COMMON	251
K562_skew	[1.0,1.5)	dELS	LOW_FREQ	308
K562_skew	[1.0,1.5)	dELS	RARE	753
K562_skew	[1.0,1.5)	dELS	SINGLETON	4932
K562_skew	[1.0,1.5)	dELS	ULTRARARE	3176
K562_skew	[1.0,1.5)	non-cCRE	COMMON	390
K562_skew	[1.0,1.5)	non-cCRE	LOW_FREQ	486
K562_skew	[1.0,1.5)	non-cCRE	RARE	1202
K562_skew	[1.0,1.5)	non-cCRE	SINGLETON	8275
K562_skew	[1.0,1.5)	non-cCRE	ULTRARARE	5389
K562_skew	[1.0,1.5)	pELS	COMMON	39
K562_skew	[1.0,1.5)	pELS	LOW_FREQ	72
K562_skew	[1.0,1.5)	pELS	RARE	175
K562_skew	[1.0,1.5)	pELS	SINGLETON	1212
K562_skew	[1.0,1.5)	pELS	ULTRARARE	735
K562_skew	[1.5,Inf)	Other cCREs	COMMON	24
K562_skew	[1.5,Inf)	Other cCREs	LOW_FREQ	39
K562_skew	[1.5,Inf)	Other cCREs	RARE	69
K562_skew	[1.5,Inf)	Other cCREs	SINGLETON	490
K562_skew	[1.5,Inf)	Other cCREs	ULTRARARE	308
K562_skew	[1.5,Inf)	PLS	COMMON	3
K562_skew	[1.5,Inf)	PLS	LOW_FREQ	3
K562_skew	[1.5,Inf)	PLS	RARE	17
K562_skew	[1.5,Inf)	PLS	SINGLETON	96
K562_skew	[1.5,Inf)	PLS	ULTRARARE	62
K562_skew	[1.5,Inf)	dELS	COMMON	68
K562_skew	[1.5,Inf)	dELS	LOW_FREQ	91
K562_skew	[1.5,Inf)	dELS	RARE	229
K562_skew	[1.5,Inf)	dELS	SINGLETON	1791
K562_skew	[1.5,Inf)	dELS	ULTRARARE	1179
K562_skew	[1.5,Inf)	non-cCRE	COMMON	124
K562_skew	[1.5,Inf)	non-cCRE	LOW_FREQ	159
K562_skew	[1.5,Inf)	non-cCRE	RARE	461
K562_skew	[1.5,Inf)	non-cCRE	SINGLETON	2758
K562_skew	[1.5,Inf)	non-cCRE	ULTRARARE	1761
K562_skew	[1.5,Inf)	pELS	COMMON	17
K562_skew	[1.5,Inf)	pELS	LOW_FREQ	22
K562_skew	[1.5,Inf)	pELS	RARE	64
K562_skew	[1.5,Inf)	pELS	SINGLETON	482
K562_skew	[1.5,Inf)	pELS	ULTRARARE	295
SKNSH_skew	(-Inf,-1.5)	Other cCREs	COMMON	36
SKNSH_skew	(-Inf,-1.5)	Other cCREs	LOW_FREQ	33
SKNSH_skew	(-Inf,-1.5)	Other cCREs	RARE	73
SKNSH_skew	(-Inf,-1.5)	Other cCREs	SINGLETON	620
SKNSH_skew	(-Inf,-1.5)	Other cCREs	ULTRARARE	406
SKNSH_skew	(-Inf,-1.5)	PLS	COMMON	5
SKNSH_skew	(-Inf,-1.5)	PLS	LOW_FREQ	6
SKNSH_skew	(-Inf,-1.5)	PLS	RARE	30
SKNSH_skew	(-Inf,-1.5)	PLS	SINGLETON	361
SKNSH_skew	(-Inf,-1.5)	PLS	ULTRARARE	183
SKNSH_skew	(-Inf,-1.5)	dELS	COMMON	96
SKNSH_skew	(-Inf,-1.5)	dELS	LOW_FREQ	97
SKNSH_skew	(-Inf,-1.5)	dELS	RARE	237
SKNSH_skew	(-Inf,-1.5)	dELS	SINGLETON	2204
SKNSH_skew	(-Inf,-1.5)	dELS	ULTRARARE	1286
SKNSH_skew	(-Inf,-1.5)	non-cCRE	COMMON	103
SKNSH_skew	(-Inf,-1.5)	non-cCRE	LOW_FREQ	102
SKNSH_skew	(-Inf,-1.5)	non-cCRE	RARE	234
SKNSH_skew	(-Inf,-1.5)	non-cCRE	SINGLETON	2398
SKNSH_skew	(-Inf,-1.5)	non-cCRE	ULTRARARE	1366
SKNSH_skew	(-Inf,-1.5)	pELS	COMMON	15
SKNSH_skew	(-Inf,-1.5)	pELS	LOW_FREQ	20
SKNSH_skew	(-Inf,-1.5)	pELS	RARE	44
SKNSH_skew	(-Inf,-1.5)	pELS	SINGLETON	359
SKNSH_skew	(-Inf,-1.5)	pELS	ULTRARARE	218
SKNSH_skew	[-0.05,0.05)	Other cCREs	COMMON	128651
SKNSH_skew	[-0.05,0.05)	Other cCREs	LOW_FREQ	106334
SKNSH_skew	[-0.05,0.05)	Other cCREs	RARE	189701
SKNSH_skew	[-0.05,0.05)	Other cCREs	SINGLETON	877828
SKNSH_skew	[-0.05,0.05)	Other cCREs	ULTRARARE	660639
SKNSH_skew	[-0.05,0.05)	PLS	COMMON	3945
SKNSH_skew	[-0.05,0.05)	PLS	LOW_FREQ	3640
SKNSH_skew	[-0.05,0.05)	PLS	RARE	7092
SKNSH_skew	[-0.05,0.05)	PLS	SINGLETON	36958
SKNSH_skew	[-0.05,0.05)	PLS	ULTRARARE	27388
SKNSH_skew	[-0.05,0.05)	dELS	COMMON	240225
SKNSH_skew	[-0.05,0.05)	dELS	LOW_FREQ	205544
SKNSH_skew	[-0.05,0.05)	dELS	RARE	370260
SKNSH_skew	[-0.05,0.05)	dELS	SINGLETON	1982352
SKNSH_skew	[-0.05,0.05)	dELS	ULTRARARE	1412063
SKNSH_skew	[-0.05,0.05)	non-cCRE	COMMON	2092241
SKNSH_skew	[-0.05,0.05)	non-cCRE	LOW_FREQ	1809184
SKNSH_skew	[-0.05,0.05)	non-cCRE	RARE	3226072
SKNSH_skew	[-0.05,0.05)	non-cCRE	SINGLETON	14345192
SKNSH_skew	[-0.05,0.05)	non-cCRE	ULTRARARE	11072523
SKNSH_skew	[-0.05,0.05)	pELS	COMMON	37863
SKNSH_skew	[-0.05,0.05)	pELS	LOW_FREQ	32446
SKNSH_skew	[-0.05,0.05)	pELS	RARE	59550
SKNSH_skew	[-0.05,0.05)	pELS	SINGLETON	304378
SKNSH_skew	[-0.05,0.05)	pELS	ULTRARARE	223058
SKNSH_skew	[-0.2,-0.05)	Other cCREs	COMMON	19311
SKNSH_skew	[-0.2,-0.05)	Other cCREs	LOW_FREQ	20373
SKNSH_skew	[-0.2,-0.05)	Other cCREs	RARE	40097
SKNSH_skew	[-0.2,-0.05)	Other cCREs	SINGLETON	212668
SKNSH_skew	[-0.2,-0.05)	Other cCREs	ULTRARARE	151958
SKNSH_skew	[-0.2,-0.05)	PLS	COMMON	1380
SKNSH_skew	[-0.2,-0.05)	PLS	LOW_FREQ	1654
SKNSH_skew	[-0.2,-0.05)	PLS	RARE	3708
SKNSH_skew	[-0.2,-0.05)	PLS	SINGLETON	19625
SKNSH_skew	[-0.2,-0.05)	PLS	ULTRARARE	14359
SKNSH_skew	[-0.2,-0.05)	dELS	COMMON	41374
SKNSH_skew	[-0.2,-0.05)	dELS	LOW_FREQ	45036
SKNSH_skew	[-0.2,-0.05)	dELS	RARE	91617
SKNSH_skew	[-0.2,-0.05)	dELS	SINGLETON	552890
SKNSH_skew	[-0.2,-0.05)	dELS	ULTRARARE	377810
SKNSH_skew	[-0.2,-0.05)	non-cCRE	COMMON	248788
SKNSH_skew	[-0.2,-0.05)	non-cCRE	LOW_FREQ	272154
SKNSH_skew	[-0.2,-0.05)	non-cCRE	RARE	552746
SKNSH_skew	[-0.2,-0.05)	non-cCRE	SINGLETON	2689854
SKNSH_skew	[-0.2,-0.05)	non-cCRE	ULTRARARE	2014390
SKNSH_skew	[-0.2,-0.05)	pELS	COMMON	7098
SKNSH_skew	[-0.2,-0.05)	pELS	LOW_FREQ	7891
SKNSH_skew	[-0.2,-0.05)	pELS	RARE	16057
SKNSH_skew	[-0.2,-0.05)	pELS	SINGLETON	92916
SKNSH_skew	[-0.2,-0.05)	pELS	ULTRARARE	64847
SKNSH_skew	[-0.5,-0.2)	Other cCREs	COMMON	1816
SKNSH_skew	[-0.5,-0.2)	Other cCREs	LOW_FREQ	2243
SKNSH_skew	[-0.5,-0.2)	Other cCREs	RARE	4987
SKNSH_skew	[-0.5,-0.2)	Other cCREs	SINGLETON	34038
SKNSH_skew	[-0.5,-0.2)	Other cCREs	ULTRARARE	21836
SKNSH_skew	[-0.5,-0.2)	PLS	COMMON	285
SKNSH_skew	[-0.5,-0.2)	PLS	LOW_FREQ	469
SKNSH_skew	[-0.5,-0.2)	PLS	RARE	1091
SKNSH_skew	[-0.5,-0.2)	PLS	SINGLETON	7200
SKNSH_skew	[-0.5,-0.2)	PLS	ULTRARARE	4978
SKNSH_skew	[-0.5,-0.2)	dELS	COMMON	5044
SKNSH_skew	[-0.5,-0.2)	dELS	LOW_FREQ	5948
SKNSH_skew	[-0.5,-0.2)	dELS	RARE	13785
SKNSH_skew	[-0.5,-0.2)	dELS	SINGLETON	101728
SKNSH_skew	[-0.5,-0.2)	dELS	ULTRARARE	63913
SKNSH_skew	[-0.5,-0.2)	non-cCRE	COMMON	15144
SKNSH_skew	[-0.5,-0.2)	non-cCRE	LOW_FREQ	18802
SKNSH_skew	[-0.5,-0.2)	non-cCRE	RARE	41732
SKNSH_skew	[-0.5,-0.2)	non-cCRE	SINGLETON	273640
SKNSH_skew	[-0.5,-0.2)	non-cCRE	ULTRARARE	179789
SKNSH_skew	[-0.5,-0.2)	pELS	COMMON	916
SKNSH_skew	[-0.5,-0.2)	pELS	LOW_FREQ	1260
SKNSH_skew	[-0.5,-0.2)	pELS	RARE	2589
SKNSH_skew	[-0.5,-0.2)	pELS	SINGLETON	19029
SKNSH_skew	[-0.5,-0.2)	pELS	ULTRARARE	12263
SKNSH_skew	[-1.0,-0.5)	Other cCREs	COMMON	336
SKNSH_skew	[-1.0,-0.5)	Other cCREs	LOW_FREQ	383
SKNSH_skew	[-1.0,-0.5)	Other cCREs	RARE	893
SKNSH_skew	[-1.0,-0.5)	Other cCREs	SINGLETON	7305
SKNSH_skew	[-1.0,-0.5)	Other cCREs	ULTRARARE	4577
SKNSH_skew	[-1.0,-0.5)	PLS	COMMON	53
SKNSH_skew	[-1.0,-0.5)	PLS	LOW_FREQ	92
SKNSH_skew	[-1.0,-0.5)	PLS	RARE	237
SKNSH_skew	[-1.0,-0.5)	PLS	SINGLETON	2137
SKNSH_skew	[-1.0,-0.5)	PLS	ULTRARARE	1318
SKNSH_skew	[-1.0,-0.5)	dELS	COMMON	832
SKNSH_skew	[-1.0,-0.5)	dELS	LOW_FREQ	1054
SKNSH_skew	[-1.0,-0.5)	dELS	RARE	2588
SKNSH_skew	[-1.0,-0.5)	dELS	SINGLETON	23600
SKNSH_skew	[-1.0,-0.5)	dELS	ULTRARARE	14141
SKNSH_skew	[-1.0,-0.5)	non-cCRE	COMMON	1600
SKNSH_skew	[-1.0,-0.5)	non-cCRE	LOW_FREQ	1895
SKNSH_skew	[-1.0,-0.5)	non-cCRE	RARE	4437
SKNSH_skew	[-1.0,-0.5)	non-cCRE	SINGLETON	37380
SKNSH_skew	[-1.0,-0.5)	non-cCRE	ULTRARARE	22471
SKNSH_skew	[-1.0,-0.5)	pELS	COMMON	131
SKNSH_skew	[-1.0,-0.5)	pELS	LOW_FREQ	171
SKNSH_skew	[-1.0,-0.5)	pELS	RARE	432
SKNSH_skew	[-1.0,-0.5)	pELS	SINGLETON	4338
SKNSH_skew	[-1.0,-0.5)	pELS	ULTRARARE	2591
SKNSH_skew	[-1.5,-1.0)	Other cCREs	COMMON	67
SKNSH_skew	[-1.5,-1.0)	Other cCREs	LOW_FREQ	72
SKNSH_skew	[-1.5,-1.0)	Other cCREs	RARE	186
SKNSH_skew	[-1.5,-1.0)	Other cCREs	SINGLETON	1482
SKNSH_skew	[-1.5,-1.0)	Other cCREs	ULTRARARE	891
SKNSH_skew	[-1.5,-1.0)	PLS	COMMON	13
SKNSH_skew	[-1.5,-1.0)	PLS	LOW_FREQ	18
SKNSH_skew	[-1.5,-1.0)	PLS	RARE	60
SKNSH_skew	[-1.5,-1.0)	PLS	SINGLETON	535
SKNSH_skew	[-1.5,-1.0)	PLS	ULTRARARE	318
SKNSH_skew	[-1.5,-1.0)	dELS	COMMON	165
SKNSH_skew	[-1.5,-1.0)	dELS	LOW_FREQ	236
SKNSH_skew	[-1.5,-1.0)	dELS	RARE	527
SKNSH_skew	[-1.5,-1.0)	dELS	SINGLETON	5101
SKNSH_skew	[-1.5,-1.0)	dELS	ULTRARARE	3083
SKNSH_skew	[-1.5,-1.0)	non-cCRE	COMMON	234
SKNSH_skew	[-1.5,-1.0)	non-cCRE	LOW_FREQ	307
SKNSH_skew	[-1.5,-1.0)	non-cCRE	RARE	677
SKNSH_skew	[-1.5,-1.0)	non-cCRE	SINGLETON	6186
SKNSH_skew	[-1.5,-1.0)	non-cCRE	ULTRARARE	3692
SKNSH_skew	[-1.5,-1.0)	pELS	COMMON	28
SKNSH_skew	[-1.5,-1.0)	pELS	LOW_FREQ	33
SKNSH_skew	[-1.5,-1.0)	pELS	RARE	88
SKNSH_skew	[-1.5,-1.0)	pELS	SINGLETON	892
SKNSH_skew	[-1.5,-1.0)	pELS	ULTRARARE	529
SKNSH_skew	[0.05,0.2)	Other cCREs	COMMON	20259
SKNSH_skew	[0.05,0.2)	Other cCREs	LOW_FREQ	22087
SKNSH_skew	[0.05,0.2)	Other cCREs	RARE	43334
SKNSH_skew	[0.05,0.2)	Other cCREs	SINGLETON	217091
SKNSH_skew	[0.05,0.2)	Other cCREs	ULTRARARE	158146
SKNSH_skew	[0.05,0.2)	PLS	COMMON	1370
SKNSH_skew	[0.05,0.2)	PLS	LOW_FREQ	1491
SKNSH_skew	[0.05,0.2)	PLS	RARE	3396
SKNSH_skew	[0.05,0.2)	PLS	SINGLETON	18262
SKNSH_skew	[0.05,0.2)	PLS	ULTRARARE	13490
SKNSH_skew	[0.05,0.2)	dELS	COMMON	43178
SKNSH_skew	[0.05,0.2)	dELS	LOW_FREQ	47538
SKNSH_skew	[0.05,0.2)	dELS	RARE	96729
SKNSH_skew	[0.05,0.2)	dELS	SINGLETON	554381
SKNSH_skew	[0.05,0.2)	dELS	ULTRARARE	384779
SKNSH_skew	[0.05,0.2)	non-cCRE	COMMON	257510
SKNSH_skew	[0.05,0.2)	non-cCRE	LOW_FREQ	284208
SKNSH_skew	[0.05,0.2)	non-cCRE	RARE	561981
SKNSH_skew	[0.05,0.2)	non-cCRE	SINGLETON	2654937
SKNSH_skew	[0.05,0.2)	non-cCRE	ULTRARARE	1924277
SKNSH_skew	[0.05,0.2)	pELS	COMMON	7516
SKNSH_skew	[0.05,0.2)	pELS	LOW_FREQ	8316
SKNSH_skew	[0.05,0.2)	pELS	RARE	17250
SKNSH_skew	[0.05,0.2)	pELS	SINGLETON	96572
SKNSH_skew	[0.05,0.2)	pELS	ULTRARARE	68688
SKNSH_skew	[0.2,0.5)	Other cCREs	COMMON	1870
SKNSH_skew	[0.2,0.5)	Other cCREs	LOW_FREQ	2296
SKNSH_skew	[0.2,0.5)	Other cCREs	RARE	5286
SKNSH_skew	[0.2,0.5)	Other cCREs	SINGLETON	34521
SKNSH_skew	[0.2,0.5)	Other cCREs	ULTRARARE	22519
SKNSH_skew	[0.2,0.5)	PLS	COMMON	293
SKNSH_skew	[0.2,0.5)	PLS	LOW_FREQ	353
SKNSH_skew	[0.2,0.5)	PLS	RARE	921
SKNSH_skew	[0.2,0.5)	PLS	SINGLETON	5635
SKNSH_skew	[0.2,0.5)	PLS	ULTRARARE	3871
SKNSH_skew	[0.2,0.5)	dELS	COMMON	4884
SKNSH_skew	[0.2,0.5)	dELS	LOW_FREQ	6223
SKNSH_skew	[0.2,0.5)	dELS	RARE	14085
SKNSH_skew	[0.2,0.5)	dELS	SINGLETON	100314
SKNSH_skew	[0.2,0.5)	dELS	ULTRARARE	64102
SKNSH_skew	[0.2,0.5)	non-cCRE	COMMON	15195
SKNSH_skew	[0.2,0.5)	non-cCRE	LOW_FREQ	19137
SKNSH_skew	[0.2,0.5)	non-cCRE	RARE	44080
SKNSH_skew	[0.2,0.5)	non-cCRE	SINGLETON	305792
SKNSH_skew	[0.2,0.5)	non-cCRE	ULTRARARE	191513
SKNSH_skew	[0.2,0.5)	pELS	COMMON	985
SKNSH_skew	[0.2,0.5)	pELS	LOW_FREQ	1217
SKNSH_skew	[0.2,0.5)	pELS	RARE	2842
SKNSH_skew	[0.2,0.5)	pELS	SINGLETON	19957
SKNSH_skew	[0.2,0.5)	pELS	ULTRARARE	12943
SKNSH_skew	[0.5,1.0)	Other cCREs	COMMON	288
SKNSH_skew	[0.5,1.0)	Other cCREs	LOW_FREQ	403
SKNSH_skew	[0.5,1.0)	Other cCREs	RARE	957
SKNSH_skew	[0.5,1.0)	Other cCREs	SINGLETON	6340
SKNSH_skew	[0.5,1.0)	Other cCREs	ULTRARARE	4187
SKNSH_skew	[0.5,1.0)	PLS	COMMON	48
SKNSH_skew	[0.5,1.0)	PLS	LOW_FREQ	51
SKNSH_skew	[0.5,1.0)	PLS	RARE	187
SKNSH_skew	[0.5,1.0)	PLS	SINGLETON	1238
SKNSH_skew	[0.5,1.0)	PLS	ULTRARARE	869
SKNSH_skew	[0.5,1.0)	dELS	COMMON	841
SKNSH_skew	[0.5,1.0)	dELS	LOW_FREQ	1071
SKNSH_skew	[0.5,1.0)	dELS	RARE	2617
SKNSH_skew	[0.5,1.0)	dELS	SINGLETON	19741
SKNSH_skew	[0.5,1.0)	dELS	ULTRARARE	12533
SKNSH_skew	[0.5,1.0)	non-cCRE	COMMON	1983
SKNSH_skew	[0.5,1.0)	non-cCRE	LOW_FREQ	2416
SKNSH_skew	[0.5,1.0)	non-cCRE	RARE	5936
SKNSH_skew	[0.5,1.0)	non-cCRE	SINGLETON	45684
SKNSH_skew	[0.5,1.0)	non-cCRE	ULTRARARE	28296
SKNSH_skew	[0.5,1.0)	pELS	COMMON	137
SKNSH_skew	[0.5,1.0)	pELS	LOW_FREQ	199
SKNSH_skew	[0.5,1.0)	pELS	RARE	559
SKNSH_skew	[0.5,1.0)	pELS	SINGLETON	4174
SKNSH_skew	[0.5,1.0)	pELS	ULTRARARE	2569
SKNSH_skew	[1.0,1.5)	Other cCREs	COMMON	56
SKNSH_skew	[1.0,1.5)	Other cCREs	LOW_FREQ	80
SKNSH_skew	[1.0,1.5)	Other cCREs	RARE	182
SKNSH_skew	[1.0,1.5)	Other cCREs	SINGLETON	1131
SKNSH_skew	[1.0,1.5)	Other cCREs	ULTRARARE	781
SKNSH_skew	[1.0,1.5)	PLS	COMMON	4
SKNSH_skew	[1.0,1.5)	PLS	LOW_FREQ	16
SKNSH_skew	[1.0,1.5)	PLS	RARE	37
SKNSH_skew	[1.0,1.5)	PLS	SINGLETON	274
SKNSH_skew	[1.0,1.5)	PLS	ULTRARARE	160
SKNSH_skew	[1.0,1.5)	dELS	COMMON	177
SKNSH_skew	[1.0,1.5)	dELS	LOW_FREQ	268
SKNSH_skew	[1.0,1.5)	dELS	RARE	602
SKNSH_skew	[1.0,1.5)	dELS	SINGLETON	3834
SKNSH_skew	[1.0,1.5)	dELS	ULTRARARE	2555
SKNSH_skew	[1.0,1.5)	non-cCRE	COMMON	327
SKNSH_skew	[1.0,1.5)	non-cCRE	LOW_FREQ	425
SKNSH_skew	[1.0,1.5)	non-cCRE	RARE	1071
SKNSH_skew	[1.0,1.5)	non-cCRE	SINGLETON	6790
SKNSH_skew	[1.0,1.5)	non-cCRE	ULTRARARE	4381
SKNSH_skew	[1.0,1.5)	pELS	COMMON	31
SKNSH_skew	[1.0,1.5)	pELS	LOW_FREQ	48
SKNSH_skew	[1.0,1.5)	pELS	RARE	118
SKNSH_skew	[1.0,1.5)	pELS	SINGLETON	816
SKNSH_skew	[1.0,1.5)	pELS	ULTRARARE	463
SKNSH_skew	[1.5,Inf)	Other cCREs	COMMON	13
SKNSH_skew	[1.5,Inf)	Other cCREs	LOW_FREQ	20
SKNSH_skew	[1.5,Inf)	Other cCREs	RARE	60
SKNSH_skew	[1.5,Inf)	Other cCREs	SINGLETON	391
SKNSH_skew	[1.5,Inf)	Other cCREs	ULTRARARE	232
SKNSH_skew	[1.5,Inf)	PLS	COMMON	2
SKNSH_skew	[1.5,Inf)	PLS	LOW_FREQ	1
SKNSH_skew	[1.5,Inf)	PLS	RARE	9
SKNSH_skew	[1.5,Inf)	PLS	SINGLETON	77
SKNSH_skew	[1.5,Inf)	PLS	ULTRARARE	44
SKNSH_skew	[1.5,Inf)	dELS	COMMON	57
SKNSH_skew	[1.5,Inf)	dELS	LOW_FREQ	73
SKNSH_skew	[1.5,Inf)	dELS	RARE	194
SKNSH_skew	[1.5,Inf)	dELS	SINGLETON	1365
SKNSH_skew	[1.5,Inf)	dELS	ULTRARARE	903
SKNSH_skew	[1.5,Inf)	non-cCRE	COMMON	111
SKNSH_skew	[1.5,Inf)	non-cCRE	LOW_FREQ	138
SKNSH_skew	[1.5,Inf)	non-cCRE	RARE	409
SKNSH_skew	[1.5,Inf)	non-cCRE	SINGLETON	2345
SKNSH_skew	[1.5,Inf)	non-cCRE	ULTRARARE	1631
SKNSH_skew	[1.5,Inf)	pELS	COMMON	5
SKNSH_skew	[1.5,Inf)	pELS	LOW_FREQ	13
SKNSH_skew	[1.5,Inf)	pELS	RARE	32
SKNSH_skew	[1.5,Inf)	pELS	SINGLETON	259
SKNSH_skew	[1.5,Inf)	pELS	ULTRARARE	201
mean_skew	(-Inf,-1.5)	Other cCREs	COMMON	22
mean_skew	(-Inf,-1.5)	Other cCREs	LOW_FREQ	24
mean_skew	(-Inf,-1.5)	Other cCREs	RARE	56
mean_skew	(-Inf,-1.5)	Other cCREs	SINGLETON	468
mean_skew	(-Inf,-1.5)	Other cCREs	ULTRARARE	296
mean_skew	(-Inf,-1.5)	PLS	COMMON	6
mean_skew	(-Inf,-1.5)	PLS	LOW_FREQ	6
mean_skew	(-Inf,-1.5)	PLS	RARE	21
mean_skew	(-Inf,-1.5)	PLS	SINGLETON	263
mean_skew	(-Inf,-1.5)	PLS	ULTRARARE	131
mean_skew	(-Inf,-1.5)	dELS	COMMON	67
mean_skew	(-Inf,-1.5)	dELS	LOW_FREQ	83
mean_skew	(-Inf,-1.5)	dELS	RARE	180
mean_skew	(-Inf,-1.5)	dELS	SINGLETON	1603
mean_skew	(-Inf,-1.5)	dELS	ULTRARARE	933
mean_skew	(-Inf,-1.5)	non-cCRE	COMMON	90
mean_skew	(-Inf,-1.5)	non-cCRE	LOW_FREQ	84
mean_skew	(-Inf,-1.5)	non-cCRE	RARE	175
mean_skew	(-Inf,-1.5)	non-cCRE	SINGLETON	1913
mean_skew	(-Inf,-1.5)	non-cCRE	ULTRARARE	1100
mean_skew	(-Inf,-1.5)	pELS	COMMON	6
mean_skew	(-Inf,-1.5)	pELS	LOW_FREQ	13
mean_skew	(-Inf,-1.5)	pELS	RARE	36
mean_skew	(-Inf,-1.5)	pELS	SINGLETON	290
mean_skew	(-Inf,-1.5)	pELS	ULTRARARE	168
mean_skew	[-0.05,0.05)	Other cCREs	COMMON	126481
mean_skew	[-0.05,0.05)	Other cCREs	LOW_FREQ	104511
mean_skew	[-0.05,0.05)	Other cCREs	RARE	187923
mean_skew	[-0.05,0.05)	Other cCREs	SINGLETON	897108
mean_skew	[-0.05,0.05)	Other cCREs	ULTRARARE	669540
mean_skew	[-0.05,0.05)	PLS	COMMON	4065
mean_skew	[-0.05,0.05)	PLS	LOW_FREQ	3641
mean_skew	[-0.05,0.05)	PLS	RARE	7282
mean_skew	[-0.05,0.05)	PLS	SINGLETON	38175
mean_skew	[-0.05,0.05)	PLS	ULTRARARE	27873
mean_skew	[-0.05,0.05)	dELS	COMMON	234189
mean_skew	[-0.05,0.05)	dELS	LOW_FREQ	199852
mean_skew	[-0.05,0.05)	dELS	RARE	363659
mean_skew	[-0.05,0.05)	dELS	SINGLETON	2021042
mean_skew	[-0.05,0.05)	dELS	ULTRARARE	1423908
mean_skew	[-0.05,0.05)	non-cCRE	COMMON	2048413
mean_skew	[-0.05,0.05)	non-cCRE	LOW_FREQ	1776144
mean_skew	[-0.05,0.05)	non-cCRE	RARE	3203416
mean_skew	[-0.05,0.05)	non-cCRE	SINGLETON	14734004
mean_skew	[-0.05,0.05)	non-cCRE	ULTRARARE	11235049
mean_skew	[-0.05,0.05)	pELS	COMMON	36858
mean_skew	[-0.05,0.05)	pELS	LOW_FREQ	31614
mean_skew	[-0.05,0.05)	pELS	RARE	58201
mean_skew	[-0.05,0.05)	pELS	SINGLETON	309577
mean_skew	[-0.05,0.05)	pELS	ULTRARARE	224454
mean_skew	[-0.2,-0.05)	Other cCREs	COMMON	20450
mean_skew	[-0.2,-0.05)	Other cCREs	LOW_FREQ	21500
mean_skew	[-0.2,-0.05)	Other cCREs	RARE	41981
mean_skew	[-0.2,-0.05)	Other cCREs	SINGLETON	213630
mean_skew	[-0.2,-0.05)	Other cCREs	ULTRARARE	153464
mean_skew	[-0.2,-0.05)	PLS	COMMON	1310
mean_skew	[-0.2,-0.05)	PLS	LOW_FREQ	1619
mean_skew	[-0.2,-0.05)	PLS	RARE	3501
mean_skew	[-0.2,-0.05)	PLS	SINGLETON	19287
mean_skew	[-0.2,-0.05)	PLS	ULTRARARE	14101
mean_skew	[-0.2,-0.05)	dELS	COMMON	44366
mean_skew	[-0.2,-0.05)	dELS	LOW_FREQ	47891
mean_skew	[-0.2,-0.05)	dELS	RARE	97147
mean_skew	[-0.2,-0.05)	dELS	SINGLETON	560167
mean_skew	[-0.2,-0.05)	dELS	ULTRARARE	388037
mean_skew	[-0.2,-0.05)	non-cCRE	COMMON	268424
mean_skew	[-0.2,-0.05)	non-cCRE	LOW_FREQ	290007
mean_skew	[-0.2,-0.05)	non-cCRE	RARE	576041
mean_skew	[-0.2,-0.05)	non-cCRE	SINGLETON	2614919
mean_skew	[-0.2,-0.05)	non-cCRE	ULTRARARE	1991147
mean_skew	[-0.2,-0.05)	pELS	COMMON	7502
mean_skew	[-0.2,-0.05)	pELS	LOW_FREQ	8094
mean_skew	[-0.2,-0.05)	pELS	RARE	16740
mean_skew	[-0.2,-0.05)	pELS	SINGLETON	92823
mean_skew	[-0.2,-0.05)	pELS	ULTRARARE	65740
mean_skew	[-0.5,-0.2)	Other cCREs	COMMON	1879
mean_skew	[-0.5,-0.2)	Other cCREs	LOW_FREQ	2295
mean_skew	[-0.5,-0.2)	Other cCREs	RARE	5097
mean_skew	[-0.5,-0.2)	Other cCREs	SINGLETON	33604
mean_skew	[-0.5,-0.2)	Other cCREs	ULTRARARE	21999
mean_skew	[-0.5,-0.2)	PLS	COMMON	266
mean_skew	[-0.5,-0.2)	PLS	LOW_FREQ	437
mean_skew	[-0.5,-0.2)	PLS	RARE	1027
mean_skew	[-0.5,-0.2)	PLS	SINGLETON	6894
mean_skew	[-0.5,-0.2)	PLS	ULTRARARE	4752
mean_skew	[-0.5,-0.2)	dELS	COMMON	5026
mean_skew	[-0.5,-0.2)	dELS	LOW_FREQ	6007
mean_skew	[-0.5,-0.2)	dELS	RARE	14083
mean_skew	[-0.5,-0.2)	dELS	SINGLETON	101069
mean_skew	[-0.5,-0.2)	dELS	ULTRARARE	63881
mean_skew	[-0.5,-0.2)	non-cCRE	COMMON	15850
mean_skew	[-0.5,-0.2)	non-cCRE	LOW_FREQ	20195
mean_skew	[-0.5,-0.2)	non-cCRE	RARE	45430
mean_skew	[-0.5,-0.2)	non-cCRE	SINGLETON	265447
mean_skew	[-0.5,-0.2)	non-cCRE	ULTRARARE	181735
mean_skew	[-0.5,-0.2)	pELS	COMMON	906
mean_skew	[-0.5,-0.2)	pELS	LOW_FREQ	1265
mean_skew	[-0.5,-0.2)	pELS	RARE	2688
mean_skew	[-0.5,-0.2)	pELS	SINGLETON	19015
mean_skew	[-0.5,-0.2)	pELS	ULTRARARE	12389
mean_skew	[-1.0,-0.5)	Other cCREs	COMMON	298
mean_skew	[-1.0,-0.5)	Other cCREs	LOW_FREQ	349
mean_skew	[-1.0,-0.5)	Other cCREs	RARE	860
mean_skew	[-1.0,-0.5)	Other cCREs	SINGLETON	6685
mean_skew	[-1.0,-0.5)	Other cCREs	ULTRARARE	4216
mean_skew	[-1.0,-0.5)	PLS	COMMON	52
mean_skew	[-1.0,-0.5)	PLS	LOW_FREQ	88
mean_skew	[-1.0,-0.5)	PLS	RARE	274
mean_skew	[-1.0,-0.5)	PLS	SINGLETON	2192
mean_skew	[-1.0,-0.5)	PLS	ULTRARARE	1389
mean_skew	[-1.0,-0.5)	dELS	COMMON	762
mean_skew	[-1.0,-0.5)	dELS	LOW_FREQ	1011
mean_skew	[-1.0,-0.5)	dELS	RARE	2394
mean_skew	[-1.0,-0.5)	dELS	SINGLETON	21698
mean_skew	[-1.0,-0.5)	dELS	ULTRARARE	13250
mean_skew	[-1.0,-0.5)	non-cCRE	COMMON	1300
mean_skew	[-1.0,-0.5)	non-cCRE	LOW_FREQ	1618
mean_skew	[-1.0,-0.5)	non-cCRE	RARE	3688
mean_skew	[-1.0,-0.5)	non-cCRE	SINGLETON	29924
mean_skew	[-1.0,-0.5)	non-cCRE	ULTRARARE	18381
mean_skew	[-1.0,-0.5)	pELS	COMMON	146
mean_skew	[-1.0,-0.5)	pELS	LOW_FREQ	198
mean_skew	[-1.0,-0.5)	pELS	RARE	475
mean_skew	[-1.0,-0.5)	pELS	SINGLETON	4228
mean_skew	[-1.0,-0.5)	pELS	ULTRARARE	2570
mean_skew	[-1.5,-1.0)	Other cCREs	COMMON	65
mean_skew	[-1.5,-1.0)	Other cCREs	LOW_FREQ	75
mean_skew	[-1.5,-1.0)	Other cCREs	RARE	172
mean_skew	[-1.5,-1.0)	Other cCREs	SINGLETON	1418
mean_skew	[-1.5,-1.0)	Other cCREs	ULTRARARE	879
mean_skew	[-1.5,-1.0)	PLS	COMMON	6
mean_skew	[-1.5,-1.0)	PLS	LOW_FREQ	14
mean_skew	[-1.5,-1.0)	PLS	RARE	52
mean_skew	[-1.5,-1.0)	PLS	SINGLETON	544
mean_skew	[-1.5,-1.0)	PLS	ULTRARARE	309
mean_skew	[-1.5,-1.0)	dELS	COMMON	139
mean_skew	[-1.5,-1.0)	dELS	LOW_FREQ	179
mean_skew	[-1.5,-1.0)	dELS	RARE	460
mean_skew	[-1.5,-1.0)	dELS	SINGLETON	4643
mean_skew	[-1.5,-1.0)	dELS	ULTRARARE	2833
mean_skew	[-1.5,-1.0)	non-cCRE	COMMON	215
mean_skew	[-1.5,-1.0)	non-cCRE	LOW_FREQ	259
mean_skew	[-1.5,-1.0)	non-cCRE	RARE	602
mean_skew	[-1.5,-1.0)	non-cCRE	SINGLETON	5210
mean_skew	[-1.5,-1.0)	non-cCRE	ULTRARARE	3141
mean_skew	[-1.5,-1.0)	pELS	COMMON	30
mean_skew	[-1.5,-1.0)	pELS	LOW_FREQ	38
mean_skew	[-1.5,-1.0)	pELS	RARE	95
mean_skew	[-1.5,-1.0)	pELS	SINGLETON	876
mean_skew	[-1.5,-1.0)	pELS	ULTRARARE	553
mean_skew	[0.05,0.2)	Other cCREs	COMMON	21319
mean_skew	[0.05,0.2)	Other cCREs	LOW_FREQ	22822
mean_skew	[0.05,0.2)	Other cCREs	RARE	43377
mean_skew	[0.05,0.2)	Other cCREs	SINGLETON	202705
mean_skew	[0.05,0.2)	Other cCREs	ULTRARARE	150494
mean_skew	[0.05,0.2)	PLS	COMMON	1344
mean_skew	[0.05,0.2)	PLS	LOW_FREQ	1562
mean_skew	[0.05,0.2)	PLS	RARE	3422
mean_skew	[0.05,0.2)	PLS	SINGLETON	17975
mean_skew	[0.05,0.2)	PLS	ULTRARARE	13546
mean_skew	[0.05,0.2)	dELS	COMMON	46496
mean_skew	[0.05,0.2)	dELS	LOW_FREQ	50403
mean_skew	[0.05,0.2)	dELS	RARE	98111
mean_skew	[0.05,0.2)	dELS	SINGLETON	522894
mean_skew	[0.05,0.2)	dELS	ULTRARARE	369935
mean_skew	[0.05,0.2)	non-cCRE	COMMON	281445
mean_skew	[0.05,0.2)	non-cCRE	LOW_FREQ	298595
mean_skew	[0.05,0.2)	non-cCRE	RARE	560540
mean_skew	[0.05,0.2)	non-cCRE	SINGLETON	2405818
mean_skew	[0.05,0.2)	non-cCRE	ULTRARARE	1811522
mean_skew	[0.05,0.2)	pELS	COMMON	8127
mean_skew	[0.05,0.2)	pELS	LOW_FREQ	8843
mean_skew	[0.05,0.2)	pELS	RARE	17675
mean_skew	[0.05,0.2)	pELS	SINGLETON	92824
mean_skew	[0.05,0.2)	pELS	ULTRARARE	66642
mean_skew	[0.2,0.5)	Other cCREs	COMMON	1869
mean_skew	[0.2,0.5)	Other cCREs	LOW_FREQ	2307
mean_skew	[0.2,0.5)	Other cCREs	RARE	5204
mean_skew	[0.2,0.5)	Other cCREs	SINGLETON	31481
mean_skew	[0.2,0.5)	Other cCREs	ULTRARARE	20886
mean_skew	[0.2,0.5)	PLS	COMMON	303
mean_skew	[0.2,0.5)	PLS	LOW_FREQ	354
mean_skew	[0.2,0.5)	PLS	RARE	968
mean_skew	[0.2,0.5)	PLS	SINGLETON	5519
mean_skew	[0.2,0.5)	PLS	ULTRARARE	3917
mean_skew	[0.2,0.5)	dELS	COMMON	4877
mean_skew	[0.2,0.5)	dELS	LOW_FREQ	6375
mean_skew	[0.2,0.5)	dELS	RARE	14092
mean_skew	[0.2,0.5)	dELS	SINGLETON	93543
mean_skew	[0.2,0.5)	dELS	ULTRARARE	60784
mean_skew	[0.2,0.5)	non-cCRE	COMMON	15584
mean_skew	[0.2,0.5)	non-cCRE	LOW_FREQ	19358
mean_skew	[0.2,0.5)	non-cCRE	RARE	43275
mean_skew	[0.2,0.5)	non-cCRE	SINGLETON	270906
mean_skew	[0.2,0.5)	non-cCRE	ULTRARARE	175528
mean_skew	[0.2,0.5)	pELS	COMMON	994
mean_skew	[0.2,0.5)	pELS	LOW_FREQ	1297
mean_skew	[0.2,0.5)	pELS	RARE	2962
mean_skew	[0.2,0.5)	pELS	SINGLETON	19253
mean_skew	[0.2,0.5)	pELS	ULTRARARE	12785
mean_skew	[0.5,1.0)	Other cCREs	COMMON	267
mean_skew	[0.5,1.0)	Other cCREs	LOW_FREQ	345
mean_skew	[0.5,1.0)	Other cCREs	RARE	881
mean_skew	[0.5,1.0)	Other cCREs	SINGLETON	5217
mean_skew	[0.5,1.0)	Other cCREs	ULTRARARE	3647
mean_skew	[0.5,1.0)	PLS	COMMON	40
mean_skew	[0.5,1.0)	PLS	LOW_FREQ	63
mean_skew	[0.5,1.0)	PLS	RARE	185
mean_skew	[0.5,1.0)	PLS	SINGLETON	1203
mean_skew	[0.5,1.0)	PLS	ULTRARARE	816
mean_skew	[0.5,1.0)	dELS	COMMON	746
mean_skew	[0.5,1.0)	dELS	LOW_FREQ	1016
mean_skew	[0.5,1.0)	dELS	RARE	2459
mean_skew	[0.5,1.0)	dELS	SINGLETON	16939
mean_skew	[0.5,1.0)	dELS	ULTRARARE	10925
mean_skew	[0.5,1.0)	non-cCRE	COMMON	1565
mean_skew	[0.5,1.0)	non-cCRE	LOW_FREQ	2043
mean_skew	[0.5,1.0)	non-cCRE	RARE	5022
mean_skew	[0.5,1.0)	non-cCRE	SINGLETON	35480
mean_skew	[0.5,1.0)	non-cCRE	ULTRARARE	22230
mean_skew	[0.5,1.0)	pELS	COMMON	124
mean_skew	[0.5,1.0)	pELS	LOW_FREQ	195
mean_skew	[0.5,1.0)	pELS	RARE	546
mean_skew	[0.5,1.0)	pELS	SINGLETON	3862
mean_skew	[0.5,1.0)	pELS	ULTRARARE	2481
mean_skew	[1.0,1.5)	Other cCREs	COMMON	43
mean_skew	[1.0,1.5)	Other cCREs	LOW_FREQ	83
mean_skew	[1.0,1.5)	Other cCREs	RARE	163
mean_skew	[1.0,1.5)	Other cCREs	SINGLETON	858
mean_skew	[1.0,1.5)	Other cCREs	ULTRARARE	593
mean_skew	[1.0,1.5)	PLS	COMMON	5
mean_skew	[1.0,1.5)	PLS	LOW_FREQ	5
mean_skew	[1.0,1.5)	PLS	RARE	30
mean_skew	[1.0,1.5)	PLS	SINGLETON	201
mean_skew	[1.0,1.5)	PLS	ULTRARARE	118
mean_skew	[1.0,1.5)	dELS	COMMON	180
mean_skew	[1.0,1.5)	dELS	LOW_FREQ	222
mean_skew	[1.0,1.5)	dELS	RARE	523
mean_skew	[1.0,1.5)	dELS	SINGLETON	3009
mean_skew	[1.0,1.5)	dELS	ULTRARARE	2062
mean_skew	[1.0,1.5)	non-cCRE	COMMON	276
mean_skew	[1.0,1.5)	non-cCRE	LOW_FREQ	357
mean_skew	[1.0,1.5)	non-cCRE	RARE	875
mean_skew	[1.0,1.5)	non-cCRE	SINGLETON	5145
mean_skew	[1.0,1.5)	non-cCRE	ULTRARARE	3434
mean_skew	[1.0,1.5)	pELS	COMMON	26
mean_skew	[1.0,1.5)	pELS	LOW_FREQ	46
mean_skew	[1.0,1.5)	pELS	RARE	118
mean_skew	[1.0,1.5)	pELS	SINGLETON	718
mean_skew	[1.0,1.5)	pELS	ULTRARARE	457
mean_skew	[1.5,Inf)	Other cCREs	COMMON	10
mean_skew	[1.5,Inf)	Other cCREs	LOW_FREQ	13
mean_skew	[1.5,Inf)	Other cCREs	RARE	42
mean_skew	[1.5,Inf)	Other cCREs	SINGLETON	241
mean_skew	[1.5,Inf)	Other cCREs	ULTRARARE	158
mean_skew	[1.5,Inf)	PLS	COMMON	1
mean_skew	[1.5,Inf)	PLS	LOW_FREQ	2
mean_skew	[1.5,Inf)	PLS	RARE	6
mean_skew	[1.5,Inf)	PLS	SINGLETON	49
mean_skew	[1.5,Inf)	PLS	ULTRARARE	26
mean_skew	[1.5,Inf)	dELS	COMMON	25
mean_skew	[1.5,Inf)	dELS	LOW_FREQ	49
mean_skew	[1.5,Inf)	dELS	RARE	133
mean_skew	[1.5,Inf)	dELS	SINGLETON	903
mean_skew	[1.5,Inf)	dELS	ULTRARARE	620
mean_skew	[1.5,Inf)	non-cCRE	COMMON	74
mean_skew	[1.5,Inf)	non-cCRE	LOW_FREQ	108
mean_skew	[1.5,Inf)	non-cCRE	RARE	311
mean_skew	[1.5,Inf)	non-cCRE	SINGLETON	1432
mean_skew	[1.5,Inf)	non-cCRE	ULTRARARE	1062
mean_skew	[1.5,Inf)	pELS	COMMON	6
mean_skew	[1.5,Inf)	pELS	LOW_FREQ	11
mean_skew	[1.5,Inf)	pELS	RARE	25
mean_skew	[1.5,Inf)	pELS	SINGLETON	224
mean_skew	[1.5,Inf)	pELS	ULTRARARE	131
